SALE TYPE,SOLD DATE,PROPERTY TYPE,ADDRESS,CITY,STATE,ZIP,PRICE,BEDS,BATHS,LOCATION,SQUARE FEET,LOT SIZE,YEAR BUILT,DAYS ON MARKET,$/SQUARE FEET,HOA/MONTH,STATUS,NEXT OPEN HOUSE START TIME,NEXT OPEN HOUSE END TIME,URL (SEE http://www.redfin.com/buy-a-home/comparative-market-analysis FOR INFO ON PRICING),SOURCE,MLS#,FAVORITE,INTERESTED,LATITUDE,LONGITUDE
MLS Listing,,Townhouse,166 Fixie,Irvine,CA,92618,779500,3,3.5,GP - Great Park,2075,,2017,12,376,408,Active,November-28-2018 10:30 AM,November-28-2018 01:30 PM,http://www.redfin.com/CA/Irvine/166-Fixie-92618/home/146415952,CRMLS,OC18273005,N,Y,33.6903871,-117.7347071
MLS Listing,,Condo/Co-op,7205 Apricot Dr,Irvine,CA,92618,465000,2,2.0,OT - Orangetree,1000,351965,1979,32,465,441,Active,,,http://www.redfin.com/CA/Irvine/7205-Apricot-Dr-92618/unit-7205/home/5260030,CRMLS,OC18258764,N,Y,33.6704725,-117.7761276
MLS Listing,,Condo/Co-op,123 Neptune,Irvine,CA,92618,749900,3,3.0,PS - Portola Springs,2038,,2016,32,368,315,Active,,,http://www.redfin.com/CA/Irvine/123-Neptune-92618/home/143910134,CRMLS,OC18255742,N,Y,33.6994507,-117.7322163
MLS Listing,,Condo/Co-op,62 Full Moon,Irvine,CA,92618,590000,2,2.0,PS - Portola Springs,1239,,2010,39,476,324,Active,,,http://www.redfin.com/CA/Irvine/62-Full-Moon-92618/home/40102641,CRMLS,OC18254030,N,Y,33.695344,-117.7187228
MLS Listing,,Condo/Co-op,4313 Apricot Dr,Irvine,CA,92618,449999,2,2.0,OT - Orangetree,1000,,1979,52,450,441,Active,,,http://www.redfin.com/CA/Irvine/4313-Apricot-Dr-92618/unit-2206/home/146459911,CRMLS,OC18242615,N,Y,33.6698224,-117.7754367
MLS Listing,,Condo/Co-op,121 Calypso,Irvine,CA,92618,685000,2,2.5,WD - Woodbury,1439,,2009,72,476,294,Active,,,http://www.redfin.com/CA/Irvine/121-Calypso-92618/home/40103248,CRMLS,OC18225904,N,Y,33.6950042,-117.740162
MLS Listing,,Condo/Co-op,33 Silverado,Irvine,CA,92618,580000,2,2.0,PS - Portola Springs,1239,,2010,81,468,324,Active,,,http://www.redfin.com/CA/Irvine/33-Silverado-92618/home/40102648,CRMLS,OC18218577,N,Y,33.6952509,-117.7182737
MLS Listing,,Townhouse,115 Augustine,Irvine,CA,92618,881972,3,2.25,CV - Cypress Village,1884,,2018,1,468,362,Active,,,http://www.redfin.com/CA/Irvine/115-Augustine-92618/home/148350585,CRMLS,OC18279243,N,Y,33.6807189,-117.7468027
MLS Listing,,Townhouse,117 Augustine,Irvine,CA,92618,826067,3,2.25,CV - Cypress Village,1606,,2018,1,514,362,Active,,,http://www.redfin.com/CA/Irvine/117-Augustine-92618/home/148350426,CRMLS,OC18279258,N,Y,33.6807189,-117.7468027
MLS Listing,,Single Family Residential,72 Egret,Irvine,CA,92618,2253595,5,5.5,699 - Not Defined,4800,6105,2019,1,469,295,Active,,,http://www.redfin.com/CA/Irvine/72-Egret-Unknown/home/148350098,CRMLS,PW18279736,N,Y,33.6812369,-117.7025313
MLS Listing,,Condo/Co-op,34 Ridge,Irvine,CA,92618,998000,4,4.5,PS - Portola Springs,2655,3000,2007,3,376,354,Active,,,http://www.redfin.com/CA/Irvine/34-Ridge-Vly-92618/home/21937692,CRMLS,PW18277966,N,Y,33.7053682,-117.7204637
MLS Listing,,Condo/Co-op,116 Hemisphere,Irvine,CA,92618,989000,4,3.0,PS - Portola Springs,2185,,2018,5,453,232,Active,,,http://www.redfin.com/CA/Irvine/116-Hemisphere-92618/home/148203002,CRMLS,PW18278421,N,Y,33.665242,-117.7490656
MLS Listing,,Condo/Co-op,56 Scarlet Bloom,Irvine,CA,92618,575000,2,2.0,PS - Portola Springs,1024,1024,2007,5,562,239,Active,,,http://www.redfin.com/CA/Irvine/56-Scarlet-Bloom-92618/home/17472986,CRMLS,OC18278360,N,Y,33.6941499,-117.7166912
MLS Listing,,Condo/Co-op,124 Hemisphere,Irvine,CA,92618,1046000,4,3.5,PS - Portola Springs,2340,,2018,8,447,232,Active,,,http://www.redfin.com/CA/Irvine/124-Hemisphere-92618/home/113720996,CRMLS,PW18255327,N,Y,33.689809,-117.710042
MLS Listing,,Condo/Co-op,223 Carlow,Irvine,CA,92618,640990,1,1.5,699 - Not Defined,1499,1499,2018,8,428,453,Active,,,http://www.redfin.com/CA/Irvine/223-Carlow-92618/home/148158358,CRMLS,CV18276281,N,Y,33.665242,-117.7490656
MLS Listing,,Single Family Residential,621 Cultivate,Irvine,CA,92618,1022940,4,3.0,GP - Great Park,2300,2500,2018,9,445,215,Active,,,http://www.redfin.com/CA/Irvine/621-Cultivate-92618/home/148128628,CRMLS,SW18276177,N,Y,33.683667,-117.720754
MLS Listing,,Single Family Residential,164 Stage,Irvine,CA,92618,1011120,4,3.0,GP - Great Park,2300,2500,2018,9,440,215,Active,,,http://www.redfin.com/CA/Irvine/164-Stage-92618/home/148128629,CRMLS,SW18276169,N,Y,33.683667,-117.720754
MLS Listing,,Single Family Residential,156 Stage,Irvine,CA,92618,918750,3,2.5,GP - Great Park,2043,2500,2018,9,450,215,Active,,,http://www.redfin.com/CA/Irvine/156-Stage-92618/home/148128632,CRMLS,SW18276157,N,Y,33.683667,-117.720754
MLS Listing,,Condo/Co-op,104 Borrego,Irvine,CA,92618,725000,3,3.0,PS - Portola Springs,1694,,2013,9,428,353,Active,December-1-2018 01:00 PM,December-1-2018 04:00 PM,http://www.redfin.com/CA/Irvine/104-Borrego-92618/home/58555904,CRMLS,NP18274446,N,Y,33.6982071,-117.7155196
MLS Listing,,Condo/Co-op,447 Orange Blossom #213,Irvine,CA,92618,419000,1,1.0,OT - Orangetree,814,,1977,9,515,322,Active,,,http://www.redfin.com/CA/Irvine/447-Orange-Blossom-92618/unit-213/home/5479281,CRMLS,OC18275368,N,Y,33.6710277,-117.774173
MLS Listing,,Townhouse,27 Wild Trl,Irvine,CA,92618,799000,3,2.5,PS - Portola Springs,2159,,2011,10,370,164,Active,,,http://www.redfin.com/CA/Irvine/27-Wild-Trl-92618/home/146522900,CRMLS,OC18269618,N,Y,33.665242,-117.7490656
MLS Listing,,Condo/Co-op,100 Orange Blossom #98,Irvine,CA,92618,319000,1,1.0,Irvine,473,,1976,10,674,300,Active,,,http://www.redfin.com/CA/Irvine/100-Orange-Blossom-92618/unit-98/home/5459076,CRMLS,180063696,N,Y,33.6726868,-117.7732361
MLS Listing,,Condo/Co-op,99 Kestrel,Irvine,CA,92618,809000,3,3.5,PS - Portola Springs,1628,,2015,10,497,263,Active,,,http://www.redfin.com/CA/Irvine/99-Kestrel-92618/home/143914993,CRMLS,OC18275049,N,Y,33.701874,-117.7291137
MLS Listing,,Single Family Residential,26 Tesoro,Irvine,CA,92618,1880000,4,4.0,LGA - Laguna Altura,3067,4665,2013,11,613,280,Active,,,http://www.redfin.com/CA/Irvine/26-Tesoro-92618/home/45378880,CRMLS,OC18253014,N,Y,33.6416414,-117.7585256
MLS Listing,,Condo/Co-op,124 Borrego,Irvine,CA,92618,748000,3,3.0,PS - Portola Springs,1694,,2013,11,442,353,Active,,,http://www.redfin.com/CA/Irvine/124-Borrego-92618/home/58555797,CRMLS,OC18272368,N,Y,33.6981989,-117.7155579
MLS Listing,,Condo/Co-op,106 Acamar,Irvine,CA,92618,799000,3,3.5,GP - Great Park,1939,,2016,11,412,408,Active,,,http://www.redfin.com/CA/Irvine/106-Acamar-92618/home/108551837,CRMLS,OC18272586,N,Y,33.6862128,-117.7357264
MLS Listing,,Single Family Residential,69 Orchard,Irvine,CA,92618,698000,3,2.0,699 - Not Defined,1445,2739,1977,11,483,160,Active,,,http://www.redfin.com/CA/Irvine/69-Orchard-92618/home/4746132,CRMLS,AR18273399,N,Y,33.6712462,-117.7714321
MLS Listing,,Condo/Co-op,100 Walking Stick,Irvine,CA,92618,895000,3,2.5,PS - Portola Springs,1640,3500,2017,11,546,232,Active,,,http://www.redfin.com/CA/IRVINE/100-WALKING-STICK-92618/home/112724480,CRMLS,OC18274017,N,Y,33.665242,-117.7490656
MLS Listing,,Single Family Residential,168 Stage,Irvine,CA,92618,922300,4,3.5,GP - Great Park,2146,2500,2018,12,430,215,Active,,,http://www.redfin.com/CA/Irvine/168-Stage-92618/home/148123921,CRMLS,SW18273630,N,Y,33.683667,-117.720754
MLS Listing,,Single Family Residential,112 Spacial,Irvine,CA,92618,2778452,5,5.5,699 - Not Defined,5416,6300,2018,13,513,295,Active,,,http://www.redfin.com/CA/Irvine/112-Spacial-92618/home/148120824,CRMLS,PW18272611,N,Y,33.683777,-117.709147
MLS Listing,,Single Family Residential,109 Spacial,Irvine,CA,92618,2550003,5,5.5,699 - Not Defined,5390,6869,2018,13,473,295,Active,,,http://www.redfin.com/CA/Irvine/109-Spacial-92618/home/145600298,CRMLS,PW18272614,N,Y,33.684457,-117.710464
MLS Listing,,Single Family Residential,55 Mare,Irvine,CA,92618,3094850,5,5.5,699 - Not Defined,5390,8882,2018,13,574,295,Active,,,http://www.redfin.com/CA/Irvine/55-Mare-92618/home/146653174,CRMLS,PW18272604,N,Y,33.683777,-117.709147
MLS Listing,,Condo/Co-op,123 Episode,Irvine,CA,92618,856117,3,3.5,GP - Great Park,1986,,2018,13,431,475,Active,,,http://www.redfin.com/CA/Irvine/123-Episode-92618/home/146798685,CRMLS,OC18272597,N,Y,33.680761,-117.727748
MLS Listing,,Single Family Residential,159 Newington,Irvine,CA,92618,1390000,4,4.5,GP - Great Park,2774,5548,2016,14,501,215,Active,,,http://www.redfin.com/CA/Irvine/159-Newington-92618/home/143914788,CRMLS,OC18263156,N,Y,33.6847708,-117.7362189
MLS Listing,,Condo/Co-op,254 Harringay,Irvine,CA,92618,890000,3,2.5,GP - Great Park,2041,,2018,17,436,461,Active,,,http://www.redfin.com/CA/Irvine/254-Harringay-92618/home/148056078,CRMLS,OC18270546,N,Y,33.6858181,-117.7413498
MLS Listing,,Condo/Co-op,197 Firefly,Irvine,CA,92618,900000,4,3.0,PS - Portola Springs,1935,,2013,17,465,248,Active,,,http://www.redfin.com/CA/Irvine/197-Firefly-92618/home/58555833,CRMLS,OC18267357,N,Y,33.6987426,-117.7145827
MLS Listing,,Condo/Co-op,102 Acamar,Irvine,CA,92618,719900,2,2.5,GP - Great Park,1700,900,2016,18,423,408,Active,,,http://www.redfin.com/CA/Irvine/102-Acamar-92618/home/143914902,CRMLS,PW18267378,N,Y,33.6862128,-117.7357264
MLS Listing,,Single Family Residential,74 Lunar St,Irvine,CA,92618,2103930,5,5.5,699 - Not Defined,4633,5700,2019,20,454,295,Active,,,http://www.redfin.com/CA/Irvine/74-Lunar-Unknown/home/146434971,CRMLS,PW18266751,N,Y,33.676855,-117.708609
MLS Listing,,Single Family Residential,75 Lunar St,Irvine,CA,92618,2204425,5,5.5,699 - Not Defined,4627,5747,2018,20,476,295,Active,,,http://www.redfin.com/CA/Irvine/75-Lunar-Unknown/home/146434969,CRMLS,PW18266758,N,Y,33.676855,-117.708609
MLS Listing,,Single Family Residential,77 Lunar St,Irvine,CA,92618,2077525,4,4.5,699 - Not Defined,4377,6009,2018,21,475,295,Active,,,http://www.redfin.com/CA/Irvine/77-Lunar-Unknown/home/146432580,CRMLS,PW18266753,N,Y,33.676855,-117.708609
MLS Listing,,Single Family Residential,79 Lunar,Irvine,CA,92618,2144455,5,5.5,699 - Not Defined,4633,5880,2019,21,463,295,Active,,,http://www.redfin.com/CA/Irvine/79-Lunar-92618/home/147421599,CRMLS,PW18266761,N,Y,33.676855,-117.708609
MLS Listing,,Condo/Co-op,125 Desert Lotus,Irvine,CA,92618,659000,2,2.0,PS - Portola Springs,1131,,2016,23,583,348,Active,,,http://www.redfin.com/CA/Irvine/125-Desert-Lotus-92618/home/112851012,CRMLS,OC18265198,N,Y,33.6870102,-117.7155148
MLS Listing,,Condo/Co-op,150 Full Moon,Irvine,CA,92618,530565,1,1.5,PS - Portola Springs,1232,500,2011,24,431,324,Active,,,http://www.redfin.com/CA/Irvine/150-Full-Moon-92618/home/45383482,CRMLS,OC18265370,N,Y,33.6967988,-117.7174022
MLS Listing,,Condo/Co-op,259 Magnet,Irvine,CA,92618,849000,3,2.5,GP - Great Park,2093,,2018,24,406,405,Active,,,http://www.redfin.com/CA/Irvine/259-Magnet-92618/home/148009158,CRMLS,OC18265194,N,Y,33.6838947,-117.7408467
MLS Listing,,Condo/Co-op,267 Carmine,Irvine,CA,92618,968000,3,2.5,GP - Great Park,2153,2000,2018,24,450,215,Active,,,http://www.redfin.com/CA/Irvine/267-Carmine-92618/home/147995821,CRMLS,TR18264777,N,Y,33.6793055,-117.7366597
MLS Listing,,Single Family Residential,100 Paramount,Irvine,CA,92618,1798000,5,5.5,GP - Great Park,3825,8207,2016,25,470,215,Active,,,http://www.redfin.com/CA/Irvine/100-Paramount-92618/home/105486514,CRMLS,OC18264725,N,Y,33.685172,-117.731027
MLS Listing,,Single Family Residential,50 Deer Trak,Irvine,CA,92618,1498000,4,4.0,PS - Portola Springs,3322,8494,2007,25,451,134,Active,,,http://www.redfin.com/CA/Irvine/50-Deer-Trak-92618/home/7213311,CRMLS,OC18244126,N,Y,33.7022821,-117.7217366
MLS Listing,,Single Family Residential,97 Millbrook,Irvine,CA,92618,1188000,5,3.5,OC - Oak Creek,2648,4768,2000,25,449,152,Active,December-2-2018 01:00 PM,December-2-2018 04:00 PM,http://www.redfin.com/CA/Irvine/97-Millbrook-92618/home/5766483,CRMLS,OC18263377,N,Y,33.6602347,-117.7787266
MLS Listing,,Single Family Residential,122 Orchard,Irvine,CA,92618,735000,3,2.0,OT - Orangetree,1445,2739,1977,25,509,160,Active,,,http://www.redfin.com/CA/Irvine/122-Orchard-92618/home/4746203,CRMLS,PW18263882,N,Y,33.6713685,-117.7704902
MLS Listing,,Condo/Co-op,201 Augustine,Irvine,CA,92618,1016131,4,3.25,CV - Cypress Village,1934,,2018,25,525,247,Active,,,http://www.redfin.com/CA/Irvine/201-Augustine-92618/home/147965527,CRMLS,OC18257641,N,Y,33.6798176,-117.7477049
MLS Listing,,Condo/Co-op,115 Cultivate,Irvine,CA,92618,1195000,4,4.0,GP - Great Park,2519,,2015,25,474,215,Active,,,http://www.redfin.com/CA/Irvine/115-Cultivate-92618/home/112728520,CRMLS,OC18263683,N,Y,33.686031,-117.7370947
MLS Listing,,Condo/Co-op,2104 Apricot,Irvine,CA,92618,499888,2,2.0,Irvine,1108,,1979,26,451,456,Active,,,http://www.redfin.com/CA/Irvine/2104-Apricot-Dr-92618/unit-2104/home/5259593,CRMLS,180060651,N,Y,33.6704787,-117.7762988
MLS Listing,,Condo/Co-op,257 Radial,Irvine,CA,92618,998000,4,3.0,GP - Great Park,2079,4000,2016,27,480,189,Active,,,http://www.redfin.com/CA/Irvine/257-Radial-92618/home/143913813,CRMLS,OC18262469,N,Y,33.6886735,-117.7308153
MLS Listing,,Condo/Co-op,189 Augustine,Irvine,CA,92618,1010983,4,3.25,CV - Cypress Village,1934,,2018,28,523,247,Active,,,http://www.redfin.com/CA/Irvine/189-Augustine-92618/home/147926729,CRMLS,OC18257639,N,Y,33.6798176,-117.7477049
MLS Listing,,Single Family Residential,60 Pelican,Irvine,CA,92618,1442990,3,3.5,699 - Not Defined,2964,3318,2018,28,487,297,Active,,,http://www.redfin.com/CA/Irvine/60-Pelican-Ln-Unknown/home/147923486,CRMLS,CV18261101,N,Y,33.6824675,-117.7146039
MLS Listing,,Single Family Residential,73 Pelican,Irvine,CA,92618,1574990,4,4.5,699 - Not Defined,3500,3780,2018,28,450,297,Active,,,http://www.redfin.com/CA/Irvine/73-Pelican-Ln-Unknown/home/147923279,CRMLS,CV18261085,N,Y,33.6824675,-117.7146039
MLS Listing,,Condo/Co-op,47 Autumn Sage,Irvine,CA,92618,925000,4,3.0,PS - Portola Springs,2398,2003,2013,29,386,238,Active,,,http://www.redfin.com/CA/Irvine/47-Autumn-Sage-92618/home/51681354,CRMLS,PW18256752,N,Y,33.707593,-117.722267
MLS Listing,,Single Family Residential,56 Peacevine,Irvine,CA,92618,2258800,5,5.5,PS - Portola Springs,3988,5424,2013,30,566,383,Active,,,http://www.redfin.com/CA/Irvine/56-Peacevine-92618/home/51682141,CRMLS,OC18244137,N,Y,33.7027933,-117.7164347
MLS Listing,,Single Family Residential,130 Crossover,Irvine,CA,92618,1836990,4,4.5,GP - Great Park,4102,6583,2018,31,448,215,Active,,,http://www.redfin.com/CA/Irvine/130-Crossover-92618/home/147860249,CRMLS,CV18259701,N,Y,33.665242,-117.7490656
MLS Listing,,Single Family Residential,123 Montero #130,Irvine,CA,92618,1497252,4,2.75,699 - Not Defined,2302,2887,2018,32,650,150,Active,,,http://www.redfin.com/CA/Irvine/123-Montero-92618/unit-130/home/147836225,CRMLS,NP18258568,N,Y,33.665242,-117.7490656
MLS Listing,,Condo/Co-op,120 Hemisphere,Irvine,CA,92618,943000,4,3.0,PS - Portola Springs,2040,240,2018,33,462,232,Active,,,http://www.redfin.com/CA/Irvine/120-Hemisphere-92618/home/147516318,CRMLS,PW18257554,N,Y,33.689809,-117.710042
MLS Listing,,Condo/Co-op,102 Capricorn,Irvine,CA,92618,589000,2,2.0,IRSP - Irvine Spectrum,1235,,2015,33,477,310,Active,,,http://www.redfin.com/CA/Irvine/102-Capricorn-92618/home/112728877,CRMLS,AR18257999,N,Y,33.7011379,-117.7299004
MLS Listing,,Condo/Co-op,33 Peach Blossom #32,Irvine,CA,92618,798000,3,2.5,STE - Stonegate East,1526,,2011,33,523,270,Active,,,http://www.redfin.com/CA/Irvine/33-Peach-Blossom-92618/unit-32/home/45383072,CRMLS,TR18257599,N,Y,33.7009059,-117.7335718
MLS Listing,,Single Family Residential,122 Montero #129,Irvine,CA,92618,1597914,4,2.75,699 - Not Defined,2466,2544,2018,34,648,150,Active,,,http://www.redfin.com/CA/Irvine/122-Montero-92618/unit-129/home/147802888,CRMLS,NP18257330,N,Y,33.665242,-117.7490656
MLS Listing,,Single Family Residential,110 Pitch,Irvine,CA,92618,1234990,4,3.5,699 - Not Defined,2826,2567,2018,34,437,215,Active,,,http://www.redfin.com/CA/Irvine/110-Pitch-92618/home/147801184,CRMLS,CV18256759,N,Y,33.6842,-117.728
MLS Listing,,Single Family Residential,108 Pitch,Irvine,CA,92618,1349900,4,4.0,699 - Not Defined,3116,3618,2018,34,433,215,Active,,,http://www.redfin.com/CA/Irvine/108-Pitch-92618/home/147801066,CRMLS,CV18256693,N,Y,33.665242,-117.7490656
MLS Listing,,Single Family Residential,212 Gaspar,Irvine,CA,92618,1029000,4,3.0,PS - Portola Springs,1991,2886,2018,34,517,223,Active,,,http://www.redfin.com/CA/IRVINE/212-GASPER-92618/home/143912204,CRMLS,TR18256653,N,Y,33.665242,-117.7490656
MLS Listing,,Condo/Co-op,460 Orange Blossom,Irvine,CA,92618,309900,1,1.0,OT - Orangetree,473,,1977,35,655,321,Active,,,http://www.redfin.com/CA/Irvine/460-Orange-Blossom-92618/home/5464490,CRMLS,PW18256548,N,Y,33.6718933,-117.7742392
MLS Listing,,Single Family Residential,111 Tranquil,Irvine,CA,92618,4380000,5,5.5,LGA - Laguna Altura,5174,11582,2016,35,847,392,Active,,,http://www.redfin.com/CA/Irvine/111-Tranquil-Hts-92618/home/112725183,CRMLS,OC18256028,N,Y,33.6317347,-117.7527161
MLS Listing,,Condo/Co-op,60 Pathway,Irvine,CA,92618,688888,2,2.5,PS - Portola Springs,1300,,2006,35,530,239,Active,,,http://www.redfin.com/CA/Irvine/60-Pathway-92618/home/12255235,CRMLS,PW18254419,N,Y,33.6938959,-117.7165325
MLS Listing,,Single Family Residential,65 Buttonquail,Irvine,CA,92618,2398000,5,5.5,GP - Great Park,5115,7049,2018,36,469,295,Active,,,http://www.redfin.com/CA/Irvine/65-Buttonquail-92618/home/147761391,CRMLS,TR18252098,N,Y,33.681896513,-117.704034
MLS Listing,,Single Family Residential,112 Prairie Rose,Irvine,CA,92618,1788888,4,4.5,GP - Great Park,3594,6000,2014,38,498,193,Active,,,http://www.redfin.com/CA/Irvine/112-Prairie-Rose-92618/home/51684760,CRMLS,TR18254996,N,Y,33.6970766,-117.7242566
MLS Listing,,Condo/Co-op,14 Lavender,Irvine,CA,92618,996000,4,2.5,OC - Oak Creek,2050,,2000,38,486,165,Active,,,http://www.redfin.com/CA/Irvine/14-Lavender-92618/home/5793659,CRMLS,OC18254782,N,Y,33.6683707,-117.7794083
MLS Listing,,Single Family Residential,53 Thrasher,Irvine,CA,92618,2245510,5,5.5,699 - Not Defined,4383,7238,2018,38,512,295,Active,,,http://www.redfin.com/CA/Irvine/53-Thrasher-92618/home/147710769,CRMLS,PW18254260,N,Y,33.6831337,-117.7073715
MLS Listing,,Condo/Co-op,105 Sculpture,Irvine,CA,92618,1147965,3,3.0,GP - Great Park,2820,4428,2018,38,407,189,Active,,,http://www.redfin.com/CA/Irvine/105-Sculpture-92618/home/147709384,CRMLS,IV18254199,N,Y,33.665242,-117.7490656
MLS Listing,,Condo/Co-op,104 Vessel,Irvine,CA,92618,981685,4,3.0,PS - Portola Springs,1991,,2018,39,493,258,Active,,,http://www.redfin.com/CA/Irvine/104-Vessel-92618/home/147448965,CRMLS,EV18241591,N,Y,33.690303,-117.705835
MLS Listing,,Townhouse,215 Magnet,Irvine,CA,92618,650000,3,3.5,GP - Great Park,1665,,2018,39,390,397,Active,,,http://www.redfin.com/CA/Irvine/215-Magnet-92618/home/147705425,CRMLS,OC18251568,N,Y,33.6839706,-117.7409558
MLS Listing,,Single Family Residential,63 Edgewood,Irvine,CA,92618,1200000,4,3.25,OC - Oak Creek,2648,3426,2000,40,453,152,Active,,,http://www.redfin.com/CA/Irvine/63-Edgewood-92618/home/5766826,CRMLS,PW18252326,N,Y,33.6623139,-117.7781312
MLS Listing,,Condo/Co-op,165 Cadence,Irvine,CA,92618,814990,3,3.5,GP - Great Park,1981,1981,2018,40,411,435,Active,,,http://www.redfin.com/CA/Irvine/165-Cadence-92618/home/147672467,CRMLS,CV18252574,N,Y,33.6855327,-117.7406796
MLS Listing,,Condo/Co-op,189 Frame,Irvine,CA,92618,929990,3,2.5,GP - Great Park,2686,2686,2018,40,346,215,Active,,,http://www.redfin.com/CA/Irvine/189-Frame-92618/home/147671427,CRMLS,CV18252520,N,Y,33.665242,-117.7490656
MLS Listing,,Single Family Residential,108 Smallwheel,Irvine,CA,92618,1288000,4,4.0,GP - Great Park,2524,4673,2015,41,510,216,Active,,,http://www.redfin.com/CA/Irvine/108-Smallwheel-92618/home/112718721,CRMLS,OC18251274,N,Y,33.688534,-117.7291747
MLS Listing,,Single Family Residential,114 Heather Mist,Irvine,CA,92618,3699000,5,5.5,Laguna Altura (LGA),4833,8065,2016,41,765,391,Active,,,http://www.redfin.com/CA/Irvine/114-Heather-Mist-92603/home/112725749,TheMLS,18-388768,N,Y,33.6299562,-117.7552965
MLS Listing,,Single Family Residential,104 Turnstone,Irvine,CA,92618,1558000,4,4.5,699 - Not Defined,3000,4338,2018,42,519,297,Active,,,http://www.redfin.com/CA/Irvine/104-Turnstone-92618/home/147611664,CRMLS,TR18250222,N,Y,33.6782051,-117.7133372
MLS Listing,,Single Family Residential,68 Turnstone,Irvine,CA,92618,1379990,3,3.5,699 - Not Defined,2533,4349,2018,42,545,297,Active,,,http://www.redfin.com/CA/Irvine/68-Turnstone-92618/home/147610784,CRMLS,CV18250223,N,Y,33.6782051,-117.7133372
MLS Listing,,Single Family Residential,54 Turnstone,Irvine,CA,92618,1472990,4,4.5,699 - Not Defined,3000,3990,2018,42,491,297,Active,,,http://www.redfin.com/CA/Irvine/54-Turnstone-92618/home/147610721,CRMLS,CV18250201,N,Y,33.6782051,-117.7133372
MLS Listing,,Single Family Residential,103 Pinnacle Trl,Irvine,CA,92618,4500000,5,5.5,LGA - Laguna Altura,5596,8824,2017,43,804,391,Active,,,http://www.redfin.com/CA/Irvine/103-Pinnacle-Trl-92603/home/147609621,CRMLS,OC18250066,N,Y,33.6300871,-117.7527861
MLS Listing,,Single Family Residential,29 Japonica,Irvine,CA,92618,1650000,5,3.0,OC - Oak Creek,3600,6630,1999,44,458,159,Active,,,http://www.redfin.com/CA/Irvine/29-Japonica-92618/home/4746711,CRMLS,PW18249560,N,Y,33.6644367,-117.7800092
MLS Listing,,Single Family Residential,67 Bolide,Irvine,CA,92618,1679990,4,4.5,699 - Not Defined,3647,4760,2018,45,461,297,Active,,,http://www.redfin.com/CA/Irvine/67-Bolide-92618/home/147589017,CRMLS,CV18249134,N,Y,33.676735,-117.7136277
MLS Listing,,Condo/Co-op,169 Violet Bloom,Irvine,CA,92618,977800,4,3.0,GP - Great Park,2062,3200,2014,45,474,215,Active,,,http://www.redfin.com/CA/Irvine/169-Violet-Bloom-92618/home/112720830,CRMLS,OC18248421,N,Y,33.6980301,-117.7258254
MLS Listing,,Single Family Residential,55 Harlow,Irvine,CA,92618,1769990,4,4.5,699 - Not Defined,3796,5740,2018,45,466,297,Active,,,http://www.redfin.com/CA/Irvine/55-Harlow-Unknown/home/147582697,CRMLS,CV18248604,N,Y,33.6821805,-117.7052154
MLS Listing,,Single Family Residential,53 Harlow,Irvine,CA,92618,1659990,4,4.0,699 - Not Defined,3206,5740,2018,45,518,297,Active,,,http://www.redfin.com/CA/Irvine/53-Harlow-Unknown/home/147002418,CRMLS,CV18248585,N,Y,33.6826,-117.716
MLS Listing,,Single Family Residential,60 Harlow,Irvine,CA,92618,1739990,4,4.5,699 - Not Defined,3435,4673,2018,45,507,297,Active,,,http://www.redfin.com/CA/Irvine/60-Harlow-Unknown/home/147582215,CRMLS,CV18248571,N,Y,33.6821805,-117.7052154
MLS Listing,,Townhouse,141 Tubeflower,Irvine,CA,92618,629888,2,2.5,CV - Cypress Village,1234,,2017,46,510,345,Active,,,http://www.redfin.com/CA/Irvine/141-Tubeflower-92618/home/146950122,CRMLS,OC18247678,N,Y,33.680903,-117.7445003
MLS Listing,,Townhouse,150 Capricorn,Irvine,CA,92618,749900,4,3.5,STE - Stonegate East,1908,,2015,46,393,329,Active,,,http://www.redfin.com/CA/Irvine/150-Capricorn-92618/home/112720905,CRMLS,OC18248331,N,Y,33.7006245,-117.7304326
MLS Listing,,Condo/Co-op,211 Firefly,Irvine,CA,92618,961800,4,3.0,PS - Portola Springs,2190,3500,2013,47,439,202,Active,,,http://www.redfin.com/CA/Irvine/211-Firefly-92618/home/58555826,CRMLS,OC18246201,N,Y,33.698447,-117.7147857
MLS Listing,,Condo/Co-op,149 Messenger,Irvine,CA,92618,825027,3,2.25,PS - Portola Springs,1645,,2018,47,502,243,Active,,,http://www.redfin.com/CA/Irvine/149-Messenger-92618/home/148126859,CRMLS,OC18246392,N,Y,33.665242,-117.7490656
MLS Listing,,Single Family Residential,104 Prone,Irvine,CA,92618,1418888,4,4.0,GP - Great Park,2615,5444,2015,48,543,215,Active,,,http://www.redfin.com/CA/Irvine/104-Prone-92618/home/103690833,CRMLS,WS18246202,N,Y,33.6923257,-117.7314445
MLS Listing,,Single Family Residential,70 Dorado,Irvine,CA,92618,2203595,5,5.5,699 - Not Defined,4633,6166,2018,48,476,295,Active,,,http://www.redfin.com/CA/Irvine/70-Dorado-Unknown/home/147497158,CRMLS,PW18245574,N,Y,33.676855,-117.708609
MLS Listing,,Single Family Residential,107 Shady Arbor,Irvine,CA,92618,4498888,5,5.5,LGA - Laguna Altura,5923,8695,2016,49,760,391,Active,,,http://www.redfin.com/CA/Irvine/107-Shady-Arbor-92618/home/112725446,CRMLS,OC18244620,N,Y,33.6312726,-117.7550501
MLS Listing,,Single Family Residential,123 Wanderer,Irvine,CA,92618,1299000,4,4.5,PS - Portola Springs,2799,3627,2018,49,464,134,Active,,,http://www.redfin.com/CA/IRVINE/123-WANDERER-92618/home/143912255,CRMLS,OC18242460,N,Y,33.665242,-117.7490656
MLS Listing,,Condo/Co-op,192 Follyhatch,Irvine,CA,92618,845800,3,2.0,GP - Great Park,1820,,2018,51,465,395,Active,,,http://www.redfin.com/CA/Irvine/192-Follyhatch-92618/home/146181764,CRMLS,OC18243607,N,Y,33.6894427,-117.7372591
MLS Listing,,Condo/Co-op,74 Renewal,Irvine,CA,92618,675000,2,2.5,PS - Portola Springs,1614,,2017,52,418,315,Active,,,http://www.redfin.com/CA/Irvine/74-Renewal-92618/home/144012535,CRMLS,OC18242645,N,Y,33.701564,-117.72932
MLS Listing,,Single Family Residential,154 Palencia,Irvine,CA,92618,1358000,3,3.5,CV - Cypress Village,2425,3700,2018,53,560,290,Active,,,http://www.redfin.com/CA/Irvine/154-Palencia-92618/home/144672324,CRMLS,PW18241410,N,Y,33.677196,-117.749824
MLS Listing,,Single Family Residential,140 Catalyst,Irvine,CA,92618,1149990,4,4.0,699 - Not Defined,2937,2509,2018,55,392,217,Active,,,http://www.redfin.com/CA/Irvine/140-Catalyst-92618/home/147375820,CRMLS,CV18239332,N,Y,33.6817493,-117.7348887
MLS Listing,,Condo/Co-op,110 Firefly,Irvine,CA,92618,729000,3,3.5,PS - Portola Springs,1513,,2015,56,482,248,Active,,,http://www.redfin.com/CA/Irvine/110-Firefly-92618/home/69369353,CRMLS,OC18238108,N,Y,33.6998479,-117.7136466
MLS Listing,,Single Family Residential,56 Ray,Irvine,CA,92618,1839990,4,4.0,699 - Not Defined,4066,5040,2018,56,453,297,Active,,,http://www.redfin.com/CA/Irvine/56-Ray-92618/home/147370243,CRMLS,CV18238925,N,Y,33.6766184,-117.7110785
MLS Listing,,Condo/Co-op,30 Silverado,Irvine,CA,92618,950000,4,3.0,PS - Portola Springs,2398,3000,2013,56,396,324,Active,,,http://www.redfin.com/CA/Irvine/30-Silverado-92618/home/58557142,CRMLS,OC18238741,N,Y,33.6948508,-117.7176495
MLS Listing,,Single Family Residential,167 Fieldwood,Irvine,CA,92618,1790000,5,5.5,GP - Great Park,4186,6360,2013,56,428,195,Active,December-2-2018 01:00 PM,December-2-2018 04:00 PM,http://www.redfin.com/CA/Irvine/167-Fieldwood-92618/home/51684928,CRMLS,OC18235287,N,Y,33.6967612,-117.7257228
MLS Listing,,Single Family Residential,63 Kite,Irvine,CA,92618,1950830,5,5.5,699 - Not Defined,4356,5244,2018,56,448,295,Active,,,http://www.redfin.com/CA/Irvine/63-Kite-92618/home/145094313,CRMLS,PW18238430,N,Y,33.683573,-117.70928
MLS Listing,,Condo/Co-op,185 Excursion,Irvine,CA,92618,798000,3,3.0,PS - Portola Springs,1542,,2016,59,518,348,Active,,,http://www.redfin.com/CA/Irvine/185-Excursion-92618/home/147310968,CRMLS,PW18237317,N,Y,33.6886809,-117.7147295
MLS Listing,,Condo/Co-op,140 Excursion,Irvine,CA,92618,887000,3,3.5,PS - Portola Springs,1855,,2016,60,478,232,Active,,,http://www.redfin.com/CA/Irvine/140-Excursion-92618/home/147298993,CRMLS,PW18230272,N,Y,33.6887394,-117.7146715
MLS Listing,,Single Family Residential,101 Crossover,Irvine,CA,92618,1734990,5,5.5,GP - Great Park,3983,7757,2018,60,436,215,Active,,,http://www.redfin.com/CA/Irvine/101-Crossover-92618/home/147296191,CRMLS,CV18235662,N,Y,33.665242,-117.7490656
MLS Listing,,Single Family Residential,103 Crossover,Irvine,CA,92618,1702990,4,4.5,GP - Great Park,3740,5526,2018,60,455,215,Active,,,http://www.redfin.com/CA/Irvine/103-Crossover-92618/home/147296130,CRMLS,CV18235629,N,Y,33.665242,-117.7490656
MLS Listing,,Townhouse,727 Beacon,Irvine,CA,92618,1260000,3,3.0,GP - Great Park,2197,3000,2018,60,574,450,Active,,,http://www.redfin.com/CA/Irvine/727-Beacon-92618/home/147293975,CRMLS,OC18235377,N,Y,33.680637,-117.7374846
MLS Listing,,Condo/Co-op,318 Bronze,Irvine,CA,92618,1030000,4,3.0,WD - Woodbury,2481,,2011,66,415,134,Active,,,http://www.redfin.com/CA/Irvine/318-Bronze-92618/home/28931691,CRMLS,OC18231499,N,Y,33.6904419,-117.743169
MLS Listing,,Single Family Residential,78 Eider Run,Irvine,CA,92618,2500000,5,5.5,699 - Not Defined,5416,7156,2018,66,462,295,Active,,,http://www.redfin.com/CA/Irvine/78-Eider-Run-92618/home/147161619,CRMLS,CV18231416,N,Y,33.6841798,-117.708704
MLS Listing,,Condo/Co-op,197 Excursion,Irvine,CA,92618,765000,3,3.0,PS - Portola Springs,1542,,2016,68,496,348,Active,,,http://www.redfin.com/CA/Irvine/197-Excursion-92618/home/143915219,CRMLS,OC18227612,N,Y,33.6871854,-117.7162029
MLS Listing,,Single Family Residential,66 Peacevine,Irvine,CA,92618,2188000,5,5.5,PS - Portola Springs,4065,6458,2013,69,538,383,Active,,,http://www.redfin.com/CA/Irvine/66-Peacevine-92618/home/51682100,CRMLS,IV18227654,N,Y,33.7025512,-117.7156426
MLS Listing,,Condo/Co-op,46 Scarlet Bloom,Irvine,CA,92618,615000,1,1.5,PS - Portola Springs,957,1000,2006,71,643,212,Active,,,http://www.redfin.com/CA/Irvine/46-Scarlet-Bloom-92618/home/17471210,CRMLS,OC18226592,N,Y,33.6939046,-117.7169588
MLS Listing,,Single Family Residential,12 Japonica,Irvine,CA,92618,1508888,4,3.0,OC - Oak Creek,3128,5636,1999,72,482,159,Active,,,http://www.redfin.com/CA/Irvine/12-Japonica-92618/home/4746726,CRMLS,PW18225772,N,Y,33.6636074,-117.7792763
MLS Listing,,Single Family Residential,122 Palencia,Irvine,CA,92618,1219990,3,3.5,699 - Not Defined,2225,3500,2018,73,548,285,Active,,,http://www.redfin.com/CA/Irvine/122-Palencia-92618/home/147068713,CRMLS,CV18225832,N,Y,33.665242,-117.7490656
MLS Listing,,Single Family Residential,146 Palencia,Irvine,CA,92618,1058990,2,2.5,699 - Not Defined,1849,3700,2018,73,573,285,Active,,,http://www.redfin.com/CA/Irvine/151-Palencia-92618/home/147068691,CRMLS,CV18225823,N,Y,33.6749995,-117.7495483
MLS Listing,,Condo/Co-op,209 Carlow,Irvine,CA,92618,872990,2,2.0,699 - Not Defined,1910,1910,2018,73,457,453,Active,,,http://www.redfin.com/CA/Irvine/209-Carlow-92618/home/145269176,CRMLS,CV18225802,N,Y,33.677196,-117.749824
MLS Listing,,Single Family Residential,103 Prairie Rose,Irvine,CA,92618,1560000,4,4.5,STE - Stonegate East,3620,6678,2015,73,431,180,Active,,,http://www.redfin.com/CA/Irvine/103-Prairie-Rose-92618/home/51684741,CRMLS,AR18225755,N,Y,33.696816,-117.7230883
MLS Listing,,Condo/Co-op,160 Cherrybrook Ln,Irvine,CA,92618,669800,2,2.5,OC - Oak Creek,1200,,2000,73,558,147,Active,,,http://www.redfin.com/CA/Irvine/160-Cherrybrook-Ln-92618/home/5482524,CRMLS,OC18224741,N,Y,33.6677528,-117.788377
MLS Listing,,Single Family Residential,61 Eaglecreek,Irvine,CA,92618,1425000,5,3.0,OC - Oak Creek,3130,5437,1999,73,455,160,Active,,,http://www.redfin.com/CA/Irvine/61-Eaglecreek-92618/home/4746623,CRMLS,OC18221671,N,Y,33.6658118,-117.7819787
MLS Listing,,Single Family Residential,117 Amber Sky,Irvine,CA,92618,3495000,4,4.5,LGA - Laguna Altura,4710,11322,2016,76,742,391,Active,,,http://www.redfin.com/CA/Irvine/117-Amber-Sky-92603/home/112725507,CRMLS,NP18221705,N,Y,33.633119,-117.7560756
MLS Listing,,Single Family Residential,66 Lunar,Irvine,CA,92618,2089420,5,5.5,699 - Not Defined,4633,5938,2018,76,451,295,Active,,,http://www.redfin.com/CA/Irvine/66-Lunar-Unknown/home/146434968,CRMLS,PW18221042,N,Y,33.676855,-117.708609
MLS Listing,,Single Family Residential,67 Lunar,Irvine,CA,92618,2066765,4,4.5,699 - Not Defined,4368,6075,2018,77,473,295,Active,,,http://www.redfin.com/CA/Irvine/67-Lunar-Unknown/home/146432581,CRMLS,PW18221018,N,Y,33.676855,-117.708609
MLS Listing,,Condo/Co-op,155 Fieldwood,Irvine,CA,92618,928000,4,3.0,GP - Great Park,2062,3000,2013,80,450,186,Active,,,http://www.redfin.com/CA/Irvine/155-Fieldwood-92618/home/58557108,CRMLS,PW18218623,N,Y,33.697425,-117.7248558
MLS Listing,,Single Family Residential,170 Stage,Irvine,CA,92618,884910,3,2.5,GP - Great Park,1921,2500,2018,81,461,215,Active,,,http://www.redfin.com/CA/Irvine/170-Stage-92618/home/146983203,CRMLS,SW18212595,N,Y,33.683667,-117.720754
MLS Listing,,Single Family Residential,113 Trowel,Irvine,CA,92618,1319999,4,4.0,GP - Great Park,2654,4795,2017,83,497,215,Active,,,http://www.redfin.com/CA/Irvine/113-Trowel-92618/home/109731070,CRMLS,PW18213325,N,Y,33.692271,-117.730577
MLS Listing,,Condo/Co-op,716 Trailblaze,Irvine,CA,92618,669000,2,1.5,PS - Portola Springs,1234,,2016,86,542,300,Active,,,http://www.redfin.com/CA/Irvine/716-Trailblaze-92679/home/143915136,CRMLS,OC18210770,N,Y,33.6876365,-117.7139503
MLS Listing,,Single Family Residential,83 Turnstone,Irvine,CA,92618,1499990,4,4.5,699 - Not Defined,3327,4884,2018,87,451,297,Active,,,http://www.redfin.com/CA/Irvine/83-Turnstone-92618/home/146953625,CRMLS,CV18212865,N,Y,33.6782051,-117.7133372
MLS Listing,,Townhouse,109 Augustine,Irvine,CA,92618,846835,3,2.5,CV - Cypress Village,1606,,2018,87,527,362,Active,,,http://www.redfin.com/CA/Irvine/109-Augustine-92618/home/146953031,CRMLS,OC18213490,N,Y,33.6803066,-117.7472374
MLS Listing,,Condo/Co-op,131 Sculpture,Irvine,CA,92618,1163638,4,4.5,GP - Great Park,2900,3615,2018,87,401,189,Active,,,http://www.redfin.com/CA/Irvine/131-Sculpture-92618/home/146951778,CRMLS,IV18213027,N,Y,33.665242,-117.7490656
MLS Listing,,Single Family Residential,154 Stage,Irvine,CA,92618,973569,4,2.5,GP - Great Park,2300,2500,2018,88,423,215,Active,,,http://www.redfin.com/CA/Irvine/154-Stage-92618/home/146949246,CRMLS,SW18212433,N,Y,33.683667,-117.720754
MLS Listing,,Condo/Co-op,102 Masterpiece,Irvine,CA,92618,1191969,4,4.5,GP - Great Park,2900,4429,2018,88,411,189,Active,,,http://www.redfin.com/CA/Irvine/102-Masterpiece-92618/home/146948733,CRMLS,IV18212278,N,Y,33.665242,-117.7490656
MLS Listing,,Condo/Co-op,128 Terrapin,Irvine,CA,92618,849000,4,3.5,GP - Great Park,2107,,2017,88,403,406,Active,,,http://www.redfin.com/CA/Irvine/128-Terrapin-92618/home/143478277,CRMLS,PW18211968,N,Y,33.6821001,-117.7381805
MLS Listing,,Single Family Residential,40 Tesoro,Irvine,CA,92618,1828000,4,4.0,LGA - Laguna Altura,3067,4235,2013,89,596,280,Active,,,http://www.redfin.com/CA/Irvine/40-Tesoro-92618/home/45378938,CRMLS,WS18209192,N,Y,33.6422912,-117.759013
MLS Listing,,Single Family Residential,114 Iron Gate,Irvine,CA,92618,3980000,5,5.5,LGA - Laguna Altura,4915,12100,2017,89,810,391,Active,,,http://www.redfin.com/CA/Irvine/114-Iron-Gate-92603/home/146904794,CRMLS,AR18210577,N,Y,33.6347785,-117.7545519
MLS Listing,,Single Family Residential,61 Cunningham,Irvine,CA,92618,1798000,4,4.0,PS - Portola Springs,3458,4250,2012,89,520,375,Active,,,http://www.redfin.com/CA/Irvine/61-Cunningham-92618/home/51682968,CRMLS,OC18210750,N,Y,33.70067,-117.716585
MLS Listing,,Condo/Co-op,113 Bumblebee,Irvine,CA,92618,1195000,4,3.0,GP - Great Park,2395,,2014,90,499,193,Active,,,http://www.redfin.com/CA/Irvine/113-Bumblebee-92618/home/112721008,CRMLS,PW18210668,N,Y,33.7011401,-117.7235776
MLS Listing,,Condo/Co-op,128 Yellow Pne,Irvine,CA,92618,950000,4,3.0,PS - Portola Springs,1935,,2014,90,491,202,Active,,,http://www.redfin.com/CA/Irvine/128-Yellow-Pne-92618/home/112721813,CRMLS,PW18210665,N,Y,33.6984939,-117.7138349
MLS Listing,,Condo/Co-op,54 Lupari,Irvine,CA,92618,1218000,4,3.0,LGA - Laguna Altura,2077,3000,2013,91,586,280,Active,,,http://www.redfin.com/CA/Irvine/54-Lupari-92618/home/51681141,CRMLS,OC18209497,N,Y,33.6460169,-117.7594979
MLS Listing,,Single Family Residential,57 Claudius,Irvine,CA,92618,1894990,3,3.5,699 - Not Defined,3471,8906,2018,93,546,297,Active,,,http://www.redfin.com/CA/Irvine/57-Claudius-Ct-92618/home/146861267,CRMLS,CV18207965,N,Y,33.6805348,-117.7094837
MLS Listing,,Single Family Residential,106 Newall,Irvine,CA,92618,848888,3,3.0,GP - Great Park,1810,4500,2016,94,469,215,Active,,,http://www.redfin.com/CA/Irvine/106-Newall-92618/home/113380533,CRMLS,TR18206721,N,Y,33.6888301,-117.7320255
MLS Listing,,Condo/Co-op,159 Excursion,Irvine,CA,92618,823930,3,2.25,PS - Portola Springs,1645,,2016,94,501,232,Active,,,http://www.redfin.com/CA/Irvine/159-Excursion-92618/home/146857915,CRMLS,OC18206993,N,Y,33.6887147,-117.714696
MLS Listing,,Single Family Residential,53 Hornbill,Irvine,CA,92618,2328390,5,5.5,699 - Not Defined,5000,6438,2019,97,466,295,Active,,,http://www.redfin.com/CA/Irvine/53-Hornbill-92618/home/146796479,CRMLS,PW18203759,N,Y,33.665242,-117.7490656
MLS Listing,,Single Family Residential,56 Owl Ln,Irvine,CA,92618,2329610,5,5.5,699 - Not Defined,4950,6240,2019,97,471,295,Active,,,http://www.redfin.com/CA/Irvine/56-Owl-Ln-92618/home/146796250,CRMLS,PW18203767,N,Y,33.665242,-117.7490656
MLS Listing,,Single Family Residential,180 Osage,Irvine,CA,92618,1698000,5,4.5,GP - Great Park,3660,7583,2014,99,464,193,Active,,,http://www.redfin.com/CA/Irvine/180-Osage-92618/home/51682794,CRMLS,OC18199851,N,Y,33.6974888,-117.728953
MLS Listing,,Condo/Co-op,121 Episode,Irvine,CA,92618,802244,4,3.5,GP - Great Park,1907,,2018,102,421,475,Active,,,http://www.redfin.com/CA/Irvine/121-Episode-92618/home/146730851,CRMLS,OC18199998,N,Y,33.682272,-117.721292
MLS Listing,,Condo/Co-op,207 Native Spg,Irvine,CA,92618,639000,2,2.5,PS - Portola Springs,1354,,2015,105,472,310,Active,,,http://www.redfin.com/CA/Irvine/207-Native-Spg-92618/home/112728879,CRMLS,OC18195960,N,Y,33.6987305,-117.7316062
MLS Listing,,Single Family Residential,104 Blue Note,Irvine,CA,92618,1502990,4,4.0,GP - Great Park,2983,8232,2018,107,504,215,Active,,,http://www.redfin.com/CA/Irvine/104-Blue-Note-92618/home/146626636,CRMLS,CV18195361,N,Y,33.665242,-117.7490656
MLS Listing,,Single Family Residential,104 Measure,Irvine,CA,92618,1579990,4,4.5,GP - Great Park,3575,4812,2018,109,442,215,Active,,,http://www.redfin.com/CA/Irvine/104-Measure-92618/home/146524890,CRMLS,CV18193238,N,Y,33.665242,-117.7490656
MLS Listing,,Single Family Residential,73 Cartwheel,Irvine,CA,92618,1750000,4,4.5,GP - Great Park,3647,6500,2018,111,480,160,Active,,,http://www.redfin.com/CA/Irvine/73-Cartwheel-92618/home/143725332,CRMLS,CV18191894,N,Y,33.6826,-117.716
MLS Listing,,Single Family Residential,151 Linda Vis #161,Irvine,CA,92618,1606310,4,2.75,699 - Not Defined,2637,2778,2018,111,609,150,Active,,,http://www.redfin.com/CA/Irvine/151-Linda-Vis-92618/unit-161/home/146497511,CRMLS,NP18191028,N,Y,33.665242,-117.7490656
MLS Listing,,Single Family Residential,115 Shady Arbor,Irvine,CA,92618,4150000,6,6.5,699 - Not Defined,5629,13152,2015,117,737,391,Active,,,http://www.redfin.com/CA/Irvine/115-Shady-Arbor-92603/home/112725501,CRMLS,TR18185515,N,Y,33.6309044,-117.756041
MLS Listing,,Condo/Co-op,102 Vessel,Irvine,CA,92618,985913,4,3.0,PS - Portola Springs,1991,,2018,119,495,258,Active,,,http://www.redfin.com/CA/Irvine/102-Vessel-92618/home/146436987,CRMLS,EV18176886,N,Y,33.690303,-117.705835
MLS Listing,,Condo/Co-op,7 Alevera St,Irvine,CA,92618,679900,2,2.5,OC - Oak Creek,1215,1500,2003,121,560,195,Active,,,http://www.redfin.com/CA/Irvine/7-Alevera-92618/unit-106/home/5918562,CRMLS,PW18182321,N,Y,33.6655083,-117.774975
MLS Listing,,Single Family Residential,104 Score,Irvine,CA,92618,1452990,4,4.0,GP - Great Park,2983,6894,2018,123,487,215,Active,,,http://www.redfin.com/CA/Irvine/104-Score-92618/home/146425447,CRMLS,CV18180968,N,Y,33.665242,-117.7490656
MLS Listing,,Condo/Co-op,143 Milky Way,Irvine,CA,92618,729878,3,2.25,PS - Portola Springs,1445,,2018,123,505,333,Active,,,http://www.redfin.com/CA/Irvine/143-Milky-Way-92618/home/146423986,CRMLS,OC18178717,N,Y,33.665242,-117.7490656
MLS Listing,,Single Family Residential,104 Scenic Crst,Irvine,CA,91618,4800000,5,5.5,LGA - Laguna Altura,5923,10467,2016,124,810,391,Active,,,http://www.redfin.com/CA/Irvine/104-Scenic-Crst-92618/home/112725805,CRMLS,OC18177896,N,Y,33.6325096,-117.7518608
MLS Listing,,Single Family Residential,102 Measure,Irvine,CA,92618,1439990,4,4.5,GP - Great Park,2891,6601,2018,124,498,215,Active,,,http://www.redfin.com/CA/Irvine/102-Measure-92618/home/146420185,CRMLS,CV18179153,N,Y,33.6852,-117.722
MLS Listing,,Condo/Co-op,83 Lupari,Irvine,CA,92618,1099000,3,2.5,LGA - Laguna Altura,1878,3000,2013,126,585,280,Active,,,http://www.redfin.com/CA/Irvine/83-Lupari-92603/home/58556009,CRMLS,OC18174143,N,Y,33.6464078,-117.7581094
MLS Listing,,Condo/Co-op,4314 Apricot Dr #4314,Irvine,CA,92618,465000,1,1.0,OT - Orangetree,930,,1979,129,500,441,Active,,,http://www.redfin.com/CA/Irvine/4314-Apricot-Dr-92618/unit-4314/home/5259941,CRMLS,RS18174577,N,Y,33.6697974,-117.7753779
MLS Listing,,Single Family Residential,63 Chianti,Irvine,CA,92618,1896000,4,3.75,LGA - Laguna Altura,3041,4841,2012,132,623,280,Active,,,http://www.redfin.com/CA/Irvine/63-Chianti-92618/home/45378765,CRMLS,PW18171053,N,Y,33.6406919,-117.7572887
MLS Listing,,Condo/Co-op,105 Northern Pt,Irvine,CA,92618,849910,3,2.75,PS - Portola Springs,1542,,2016,133,551,348,Active,,,http://www.redfin.com/CA/Irvine/105-Northern-Pt-Unknown/home/146254528,CRMLS,OC18169133,N,Y,33.6859887,-117.7155281
MLS Listing,,Single Family Residential,83 crater,Irvine,CA,92618,1729000,4,4.5,GP - Great Park,4066,5194,2018,136,425,297,Active,,,http://www.redfin.com/CA/Irvine/83-Crater-92618/home/146229352,CRMLS,PW18169471,N,Y,33.6762033,-117.7104832
MLS Listing,,Single Family Residential,21 Hollinwood,Irvine,CA,92618,1495000,4,3.0,OC - Oak Creek,2817,5334,2000,136,531,150,Active,,,http://www.redfin.com/CA/Irvine/21-Hollinwood-92618/home/5810814,CRMLS,PI18168860,N,Y,33.6664921,-117.7776044
MLS Listing,,Single Family Residential,76 Cartwheel,Irvine,CA,92618,1548888,3,3.0,GP - Great Park,2909,4997,2018,139,532,297,Active,,,http://www.redfin.com/CA/Irvine/76-Cartwheel-92618/home/146201073,CRMLS,OC18165033,N,Y,33.6769969,-117.7116213
MLS Listing,,Single Family Residential,27 Land Bird,Irvine,CA,92618,1485000,4,4.25,PS - Portola Springs,3383,4818,2010,140,439,134,Active,,,http://www.redfin.com/CA/Irvine/27-Land-Bird-92618/home/7203822,i-Tech MLS,818003386,N,Y,33.7024085,-117.7210493
MLS Listing,,Single Family Residential,105 Blue Note,Irvine,CA,92618,1564990,5,4.5,GP - Great Park,3432,5148,2018,141,456,215,Active,,,http://www.redfin.com/CA/Irvine/105-Blue-Note-92618/home/146191102,CRMLS,CV18163464,N,Y,33.665242,-117.7490656
MLS Listing,,Single Family Residential,112 Gardenview,Irvine,CA,92618,3280000,5,5.5,LGA - Laguna Altura,4509,6600,2015,141,727,391,Active,,,http://www.redfin.com/CA/Irvine/112-Gardenview-92603/home/112725511,CRMLS,OC18158522,N,Y,33.6340514,-117.7550315
MLS Listing,,Single Family Residential,62 Lunar,Irvine,CA,92618,2130775,5,5.5,699 - Not Defined,4633,5949,2018,143,460,295,Active,,,http://www.redfin.com/CA/Irvine/62-Lunar-92618/home/146536719,CRMLS,PW18156649,N,Y,33.676855,-117.708609
MLS Listing,,Condo/Co-op,31 Silverado,Irvine,CA,92618,828000,3,3.0,IRSP - Irvine Spectrum,1667,,2010,146,497,324,Active,,,http://www.redfin.com/CA/Irvine/31-Silverado-92618/home/40102649,CRMLS,AR18158639,N,Y,33.6951645,-117.7184627
MLS Listing,,Condo/Co-op,192 Desert Bloom,Irvine,CA,92618,850000,3,2.5,PS - Portola Springs,1733,3000,2012,149,490,192,Active,,,http://www.redfin.com/CA/Irvine/192-Desert-Bloom-92618/home/51684384,CRMLS,AR18157302,N,Y,33.6971177,-117.7113908
MLS Listing,,Condo/Co-op,245 Carlow,Irvine,CA,92618,859990,2,2.0,699 - Not Defined,1900,1900,2018,151,453,453,Active,,,http://www.redfin.com/CA/Irvine/245-Carlow-92618/home/145269173,CRMLS,CV18155806,N,Y,33.677196,-117.749824
MLS Listing,,Single Family Residential,109 Pastel,Irvine,CA,92618,1395990,3,4.0,GP - Great Park,3026,4638,2018,151,461,215,Active,,,http://www.redfin.com/CA/Irvine/109-Pastel-92618/home/146121638,CRMLS,CV18155074,N,Y,33.665242,-117.7490656
MLS Listing,,Single Family Residential,133 Crossover,Irvine,CA,92618,1739990,5,5.5,GP - Great Park,4097,5482,2018,151,425,215,Active,,,http://www.redfin.com/CA/Irvine/133-92618/home/146449061,CRMLS,CV18155034,N,Y,33.6787904,-117.7505353
MLS Listing,,Single Family Residential,129 Amber Sky,Irvine,CA,92618,3540000,7,7.5,LGA - Laguna Altura,5000,6099,2017,152,708,391,Active,,,http://www.redfin.com/CA/Irvine/129-Amber-Sky-92603/home/146115321,CRMLS,OC18154010,N,Y,33.633651,-117.7565388
MLS Listing,,Condo/Co-op,121 Sculpture,Irvine,CA,92618,1176237,3,3.0,GP - Great Park,2820,4212,2018,152,417,189,Active,,,http://www.redfin.com/CA/Irvine/121-Sculpture-92618/home/146430439,CRMLS,IV18153828,N,Y,33.68064,-117.723442
MLS Listing,,Condo/Co-op,88 Cipresso,Irvine,CA,92618,1068800,3,2.5,LGA - Laguna Altura,2022,3500,2014,153,529,295,Active,,,http://www.redfin.com/CA/Irvine/88-Cipresso-92618/home/58555733,CRMLS,OC18150961,N,Y,33.6453736,-117.7577727
MLS Listing,,Condo/Co-op,133 Pathway,Irvine,CA,92618,770000,3,3.0,PS - Portola Springs,1932,,2007,158,399,398,Active,,,http://www.redfin.com/CA/Irvine/133-Pathway-92618/home/17466681,CRMLS,OC18147818,N,Y,33.6937064,-117.7140604
MLS Listing,,Single Family Residential,65 Domani,Irvine,CA,92618,1819000,4,4.0,LGA - Laguna Altura,3000,4500,2013,163,606,280,Active,,,http://www.redfin.com/CA/Irvine/65-Domani-92618/home/45367179,CRMLS,OC18053458,N,Y,33.6395101,-117.7565099
MLS Listing,,Condo/Co-op,159 Episode,Irvine,CA,92618,837820,3,3.5,GP - Great Park,1933,,2018,167,433,475,Active,,,http://www.redfin.com/CA/Irvine/159-Episode-92618/home/146430641,CRMLS,OC18140238,N,Y,33.680761,-117.727748
MLS Listing,,Mobile/Manufactured Home,14851 Jeffrey Rd #179,Irvine,CA,92618,299000,3,1.75,EC - El Camino Real,1566,,2014,167,191,,Active,,,http://www.redfin.com/CA/Irvine/14851-Jeffrey-Rd-92618/unit-179/home/5140473,CRMLS,OC18139085,N,Y,33.6881169,-117.7704265
MLS Listing,,Single Family Residential,113 Spacial,Irvine,CA,92618,2609393,5,5.5,699 - Not Defined,5390,8385,2018,174,484,295,Active,,,http://www.redfin.com/CA/Irvine/113-Spacial-92618/home/145125360,CRMLS,PW18133604,N,Y,33.684457,-117.710464
MLS Listing,,Condo/Co-op,116 Spectacle,Irvine,CA,92618,895007,3,2.75,GP - Great Park,2330,,2018,176,384,215,Active,,,http://www.redfin.com/CA/Irvine/116-Spectacle-92618/home/145959062,CRMLS,EV18127365,N,Y,33.682448,-117.721918
MLS Listing,,Condo/Co-op,103 Vessel,Irvine,CA,92618,1176483,4,4.0,PS - Portola Springs,2408,2886,2018,180,489,134,Active,,,http://www.redfin.com/CA/Irvine/103-Vessel-92618/home/146840972,CRMLS,EV18128038,N,Y,33.665242,-117.7490656
MLS Listing,,Condo/Co-op,142 Milky Way,Irvine,CA,92618,798714,3,3.25,PS - Portola Springs,1792,,2018,181,446,246,Active,,,http://www.redfin.com/CA/Irvine/142-Milky-Way-92618/home/145875134,CRMLS,OC18125902,N,Y,33.665242,-117.7490656
MLS Listing,,Condo/Co-op,141 Fieldwood,Irvine,CA,92618,1060000,5,3.0,GP - Great Park,2434,3223,2015,185,435,219,Active,,,http://www.redfin.com/CA/Irvine/141-Fieldwood-92618/home/112719403,CRMLS,AR18121249,N,Y,33.6979506,-117.7245285
MLS Listing,,Condo/Co-op,141 Falcon Rdg,Irvine,CA,92618,926172,4,3.25,PS - Portola Springs,1940,,2018,188,477,243,Active,,,http://www.redfin.com/CA/Irvine/141-Falcon-Rdg-92618/home/144713217,CRMLS,OC18120622,N,Y,33.665242,-117.7490656
MLS Listing,,Condo/Co-op,186 Quiet Grv,Irvine,CA,92618,894245,3,3.0,PS - Portola Springs,1839,,2018,196,486,232,Active,,,http://www.redfin.com/CA/Irvine/186-Quiet-Grv-92618/home/145650342,CRMLS,OC18111441,N,Y,33.665242,-117.7490656
MLS Listing,,Single Family Residential,123 Amber Sky,Irvine,CA,92618,4380000,5,5.5,LGA - Laguna Altura,5005,6489,2017,210,875,392,Active,,,http://www.redfin.com/CA/Irvine/123-Amber-Sky-92603/home/112725715,CRMLS,AR18100063,N,Y,33.633119,-117.7560756
MLS Listing,,Single Family Residential,128 Catalyst,Irvine,CA,92618,1219990,3,3.0,GP - Great Park,3036,3036,2018,214,402,217,Active,,,http://www.redfin.com/CA/Irvine/128-Catalyst-92618/home/145509208,CRMLS,CV18096434,N,Y,33.6807,-117.737
MLS Listing,,Single Family Residential,250 Desert Bloom,Irvine,CA,92618,1535000,4,4.5,PS - Portola Springs,3496,5706,2013,308,439,196,Active,,,http://www.redfin.com/CA/Irvine/250-Desert-Bloom-92618/home/51684568,CRMLS,TR18016306,N,Y,33.6992906,-117.7128017
New Construction Home,,Single Family Residential,103 Measure,Irvine,CA,92618,1569990,4,4.0,Great Park Neighborhoods - Marcato at Cadence Park,3232,,2018,3,486,,Active,,,http://www.redfin.com/CA/Irvine/103-Measure-92618/home/148314288,NewHomeSource.com,1550121,N,Y,33.6852,-117.722
New Construction Home,,Single Family Residential,124 Modjeska,Irvine,CA,92618,857860,3,2.5,Lyric at Cadence Park,1958,,2018,6,438,,Active,,,http://www.redfin.com/CA/Irvine/124-Modjeska-92618/home/148164948,NewHomeSource.com,1548131,N,Y,33.682605,-117.722098
New Construction Home,,Single Family Residential,122 Modjeska,Irvine,CA,92618,809108,3,2.5,Lyric at Cadence Park,1661,,2018,6,487,,Active,,,http://www.redfin.com/CA/Irvine/122-Modjeska-92618/home/148164947,NewHomeSource.com,1548132,N,Y,33.682605,-117.722098
New Construction Home,,Multi-Family (2-4 Unit),"146 Stage, Homesite 73",Irvine,CA,92618,946660,3,2.5,Deco at Cadence Park,2047,,2018,11,462,,Active,,,http://www.redfin.com/CA/Irvine/146-Stage-92618/home/148128633,NewHomeSource.com,1546044,N,Y,33.683667,-117.720754
New Construction Home,,Multi-Family (2-4 Unit),"148 Stage, Homesite 80",Irvine,CA,92618,927270,3,3.0,Deco at Cadence Park,2047,,2018,11,453,,Active,,,http://www.redfin.com/CA/Irvine/148-Stage-92618/home/146949397,NewHomeSource.com,1546045,N,Y,33.683667,-117.720754
New Construction Home,,Multi-Family (2-4 Unit),"639 Cultivate, Homesite 93",Irvine,CA,92618,1058960,4,3.0,Deco at Cadence Park,2302,,2018,11,460,,Active,,,http://www.redfin.com/CA/Irvine/639-Cultivate-92618/home/148128627,NewHomeSource.com,1546051,N,Y,33.683667,-117.720754
New Construction Home,,Single Family Residential,58 Ray,Irvine,CA,92618,1589990,3,3.5,Altair Irvine - Starlight,3328,,2018,37,478,,Active,,,http://www.redfin.com/CA/Irvine/58-Ray-92618/home/147727987,NewHomeSource.com,1534928,N,Y,33.6826,-117.716
New Construction Home,,Single Family Residential,126 Palencia,Irvine,CA,92618,1063538,2,2.0,Travata - Palencia at Travata,1848,,2018,37,576,,Active,,,http://www.redfin.com/CA/Irvine/126-Palencia-92618/home/147727985,NewHomeSource.com,1534931,N,Y,33.6772,-117.75
New Construction Home,,Condo/Co-op,119 Episode,Irvine,CA,92618,813935,3,3.5,Muse at Cadence Park,1933,,2018,46,421,,Active,,,http://www.redfin.com/CA/Irvine/119-Episode-92618/home/147553661,NewHomeSource.com,1530013,N,Y,33.682272,-117.721292
New Construction Home,,Single Family Residential,61 Ray,Irvine,CA,92618,1799990,4,5.0,Altair Irvine - Starlight,4357,,2018,52,413,,Active,,,http://www.redfin.com/CA/Irvine/61-Ray-92618/home/147425050,NewHomeSource.com,1526185,N,Y,33.6826,-117.716
New Construction Home,,Single Family Residential,54 Harlow,Irvine,CA,92618,1674990,4,4.0,Altair Irvine - Eclipse,3206,,2018,73,522,,Active,,,http://www.redfin.com/CA/Irvine/54-Harlow-Unknown/home/147064539,NewHomeSource.com,1515251,N,Y,33.6826,-117.716
New Construction Home,,Single Family Residential,65 Turnstone,Irvine,CA,92618,1584990,4,4.5,Altair Irvine - Solstice,3327,,2018,85,476,,Active,,,http://www.redfin.com/CA/Irvine/65-Turnstone-92618/home/146958704,NewHomeSource.com,1510121,N,Y,33.6826,-117.716
New Construction Home,,Single Family Residential,144 Catalyst,Irvine,CA,92618,1299990,3,3.0,Great Park Neighborhoods - Obsidian at Parasol Park,3114,,2018,89,417,,Active,,,http://www.redfin.com/CA/Irvine/144-Catalyst-92618/home/146891565,NewHomeSource.com,1505973,N,Y,33.6807,-117.737
New Construction Home,,Condo/Co-op,145 Episode,Irvine,CA,92618,829964,4,3.5,Muse at Cadence Park,1907,,2018,97,435,,Active,,,http://www.redfin.com/CA/Irvine/145-Episode-92618/home/146798688,NewHomeSource.com,1491646,N,Y,33.680761,-117.727748
New Construction Home,,Condo/Co-op,147 Episode,Irvine,CA,92618,833717,3,3.5,Muse at Cadence Park,1933,,2018,97,431,,Active,,,http://www.redfin.com/CA/Irvine/147-Episode-92618/home/146798687,NewHomeSource.com,1491647,N,Y,33.680761,-117.727748
New Construction Home,,Single Family Residential,136 Catalyst,Irvine,CA,92618,1219990,3,3.0,Great Park Neighborhoods - Obsidian at Parasol Park,3072,,2018,100,397,,Active,,,http://www.redfin.com/CA/Irvine/136-Catalyst-92618/home/146779380,NewHomeSource.com,1490537,N,Y,33.6807,-117.737
New Construction Home,,Single Family Residential,123 Bosque,Irvine,CA,92618,1379990,3,3.0,Great Park Neighborhoods - Obsidian at Parasol Park,3072,,2018,100,449,,Active,,,http://www.redfin.com/CA/Irvine/123-Bosque-92618/home/146779379,NewHomeSource.com,1490538,N,Y,33.6807,-117.737
New Construction Home,,Single Family Residential,52 Mare,Irvine,CA,92618,2944850,5,5.5,Estrella at Altair,5390,,2018,105,546,,Active,,,http://www.redfin.com/CA/Irvine/52-Mare-92618/home/146653175,NewHomeSource.com,1487721,N,Y,33.683777,-117.709147
New Construction Home,,Single Family Residential,103 Spacial,Irvine,CA,92618,2441540,5,5.5,Estrella at Altair,5243,,2018,145,466,,Active,,,http://www.redfin.com/CA/Irvine/103-Spacial-92618/home/146170443,NewHomeSource.com,1472081,N,Y,33.684457,-117.710464
New Construction Home,,Single Family Residential,101 Spacial,Irvine,CA,92618,2526075,5,5.5,Estrella at Altair,5416,,2018,145,466,,Active,,,http://www.redfin.com/CA/Irvine/101-Spacial-92618/home/146170442,NewHomeSource.com,1472082,N,Y,33.684457,-117.710464
New Construction Home,,Single Family Residential,99 Spacial,Irvine,CA,92618,2538350,5,5.5,Estrella at Altair,5390,,2018,145,471,,Active,,,http://www.redfin.com/CA/Irvine/99-Spacial-92618/home/146170441,NewHomeSource.com,1472083,N,Y,33.684457,-117.710464
New Construction Home,,Single Family Residential,139 Halo,Irvine,CA,92618,1056008,4,3.0,Legado at Portola Springs,2185,,2016,978,483,,Active,,,http://www.redfin.com/CA/Irvine/139-Halo-92679/home/104231491,NewHomeFeed,317904,N,Y,33.689809,-117.710042
New Construction Plan,,Single Family Residential,Residence Three,Irvine,CA,92618,1079990,4,4.0,Prado at Cadence Park,2766,,,,390,,Active,,,http://www.redfin.com/CA/Irvine/Prado-at-Cadence-Park/Residence-Three/home/147129662,NewHomeSource.com,Plan-61536638,N,Y,33.682829,-117.722712
New Construction Plan,,Single Family Residential,Residence 2,Irvine,CA,92618,1624990,3,3.5,Altair Irvine - Starlight,3328,,,,488,,Active,,,http://www.redfin.com/CA/Irvine/Altair-Irvine-Starlight/Residence-2/home/144216771,NewHomeSource.com,Plan-61405388,N,Y,33.6826,-117.716
New Construction Plan,,Single Family Residential,Residence 3,Irvine,CA,92618,1589990,4,4.5,Great Park Neighborhoods - Marcato at Cadence Park,3575,,,,445,,Active,,,http://www.redfin.com/CA/Irvine/Great-Park-Neighborhoods-Marcato-at-Cadence-Park/Residence-3/home/144388275,NewHomeSource.com,Plan-61488268,N,Y,33.6807,-117.737
New Construction Plan,,Multi-Family (2-4 Unit),Residence 1,Irvine,CA,92618,749990,2,2.0,Travata - Castillo at Travata,1281,,,,585,,Active,,,http://www.redfin.com/CA/Irvine/Travata-Castillo-at-Travata/Residence-1/home/145102182,NewHomeSource.com,Plan-61494288,N,Y,33.6754549,-117.7490709
New Construction Plan,,Multi-Family (2-4 Unit),Residence 2,Irvine,CA,92618,754990,2,2.0,Travata - Aldea at Travata,1527,,,,494,,Active,,,http://www.redfin.com/CA/Irvine/Travata-Aldea-at-Travata/Residence-2/home/146746623,NewHomeSource.com,Plan-61541398,N,Y,33.68091,-117.7718375
New Construction Plan,,Multi-Family (2-4 Unit),Bellerose,Irvine,CA,92618,884910,3,2.5,Deco at Cadence Park,1916,,,,462,,Active,,,http://www.redfin.com/CA/Irvine/Deco-at-Cadence-Park/Bellerose/home/148128635,NewHomeSource.com,Plan-61570728,N,Y,33.683667,-117.720754
New Construction Plan,,Condo/Co-op,Muse Plan 3,Irvine,CA,92618,855667,3,3.5,Muse at Cadence Park,1986,,,,431,,Active,,,http://www.redfin.com/CA/Irvine/Muse-at-Cadence-Park/Muse-Plan-3/home/145409291,NewHomeSource.com,Plan-61497718,N,Y,33.638998,-117.720093
New Construction Plan,,Single Family Residential,Residence One,Irvine,CA,92618,799990,3,3.5,Prado at Cadence Park,1733,,,,462,,Active,,,http://www.redfin.com/CA/Irvine/Prado-at-Cadence-Park/Residence-One/home/147129663,NewHomeSource.com,Plan-61536636,N,Y,33.682829,-117.722712
New Construction Plan,,Single Family Residential,Residence Two,Irvine,CA,92618,1041080,4,4.0,Prado at Cadence Park,2307,,,,451,,Active,,,http://www.redfin.com/CA/Irvine/Prado-at-Cadence-Park/Residence-Two/home/147280500,NewHomeSource.com,Plan-61536637,N,Y,33.682829,-117.722712
New Construction Plan,,Single Family Residential,Residence 1,Irvine,CA,92618,1574990,4,3.5,Altair Irvine - Starlight,3084,,,,511,,Active,,,http://www.redfin.com/CA/Irvine/Altair-Irvine-Starlight/Residence-1/home/144216772,NewHomeSource.com,Plan-61405387,N,Y,33.6826,-117.716
New Construction Plan,,Single Family Residential,Residence 1,Irvine,CA,92618,1439990,4,4.5,Great Park Neighborhoods - Marcato at Cadence Park,2878,,,,500,,Active,,,http://www.redfin.com/CA/Irvine/Great-Park-Neighborhoods-Marcato-at-Cadence-Park/Residence-1/home/144388347,NewHomeSource.com,Plan-61488266,N,Y,33.6807,-117.737
New Construction Plan,,Single Family Residential,Residence 2,Irvine,CA,92618,1524990,4,4.0,Great Park Neighborhoods - Marcato at Cadence Park,3232,,,,472,,Active,,,http://www.redfin.com/CA/Irvine/Great-Park-Neighborhoods-Marcato-at-Cadence-Park/Residence-2/home/144388313,NewHomeSource.com,Plan-61488267,N,Y,33.6807,-117.737
New Construction Plan,,Multi-Family (2-4 Unit),Residence 2X,Irvine,CA,92618,989990,3,2.5,Travata - Castillo at Travata,1947,,,,508,,Active,,,http://www.redfin.com/CA/Irvine/Travata-Castillo-at-Travata/Residence-2X/home/145102183,NewHomeSource.com,Plan-61494287,N,Y,33.6754549,-117.7490709
New Construction Plan,,Multi-Family (2-4 Unit),Residence 1,Irvine,CA,92618,685990,2,2.0,Travata - Aldea at Travata,1417,,,,484,,Active,,,http://www.redfin.com/CA/Irvine/Travata-Aldea-at-Travata/Residence-1/home/146746631,NewHomeSource.com,Plan-61541397,N,Y,33.68091,-117.7718375
New Construction Plan,,Condo/Co-op,Muse Plan 1,Irvine,CA,92618,800644,4,3.5,Muse at Cadence Park,1907,,,,420,,Active,,,http://www.redfin.com/CA/Irvine/Muse-at-Cadence-Park/Muse-Plan-1/home/145409293,NewHomeSource.com,Plan-61497716,N,Y,33.638998,-117.720093
New Construction Plan,,Condo/Co-op,Muse Plan 2,Irvine,CA,92618,813935,3,3.5,Muse at Cadence Park,1933,,,,421,,Active,,,http://www.redfin.com/CA/Irvine/Muse-at-Cadence-Park/Muse-Plan-2/home/145409292,NewHomeSource.com,Plan-61497717,N,Y,33.638998,-117.720093
New Construction Plan,,Multi-Family (2-4 Unit),Metropolis,Irvine,CA,92618,911430,4,3.5,Deco at Cadence Park,2151,,,,424,,Active,,,http://www.redfin.com/CA/Irvine/Deco-at-Cadence-Park/Metropolis/home/148128634,NewHomeSource.com,Plan-51570729,N,Y,33.683667,-117.720754
New Construction Plan,,Multi-Family (2-4 Unit),Pontiac,Irvine,CA,92618,918750,3,2.5,Deco at Cadence Park,2047,,,,449,,Active,,,http://www.redfin.com/CA/Irvine/Deco-at-Cadence-Park/Pontiac/home/148128631,NewHomeSource.com,Plan-61570730,N,Y,33.683667,-117.720754
New Construction Plan,,Multi-Family (2-4 Unit),Waverly,Irvine,CA,92618,973569,4,2.5,Deco at Cadence Park,2300,,,,423,,Active,,,http://www.redfin.com/CA/Irvine/Deco-at-Cadence-Park/Waverly/home/148128626,NewHomeSource.com,Plan-61570731,N,Y,33.683667,-117.720754
New Construction Plan,,Single Family Residential,Residence 1X,Irvine,CA,92618,1234990,4,3.5,Great Park Neighborhoods - Encore at Cadence Park,2826,,,,437,,Active,,,http://www.redfin.com/CA/Irvine/Great-Park-Neighborhoods-Encore-at-Cadence-Park/Residence-1X/home/146248848,NewHomeSource.com,Plan-61488259,N,Y,33.6842,-117.728
New Construction Plan,,Single Family Residential,Residence 3X,Irvine,CA,92618,1349990,4,4.0,Great Park Neighborhoods - Encore at Cadence Park,3116,,,,433,,Active,,,http://www.redfin.com/CA/Irvine/Great-Park-Neighborhoods-Encore-at-Cadence-Park/Residence-3X/home/146248874,NewHomeSource.com,Plan-61488258,N,Y,33.6842,-117.728
New Construction Plan,,Single Family Residential,Evelyn,Irvine,CA,92618,959990,4,3.0,Cabaletta at Cadence Park,2430,,,,395,,Active,,,http://www.redfin.com/CA/Irvine/Cabaletta-at-Cadence-Park/Evelyn/home/148172217,NewHomeSource.com,Plan-61487416,N,Y,33.682448,-117.721918
New Construction Plan,,Single Family Residential,Stella,Irvine,CA,92618,2419995,5,5.5,Estrella at Altair,5390,,,,449,,Active,,,http://www.redfin.com/CA/Irvine/Estrella-at-Altair/Stella/home/146286844,NewHomeSource.com,Plan-61414194,N,Y,33.6834823,-117.7091578
New Construction Plan,,Single Family Residential,Callisto,Irvine,CA,92618,2409995,5,5.5,Estrella at Altair,5416,,,,445,,Active,,,http://www.redfin.com/CA/Irvine/Estrella-at-Altair/Callisto/home/146286845,NewHomeSource.com,Plan-61414193,N,Y,33.6834823,-117.7091578
New Construction Plan,,Single Family Residential,Altamira,Irvine,CA,92618,2349995,5,5.5,Estrella at Altair,5243,,,,448,,Active,,,http://www.redfin.com/CA/Irvine/Estrella-at-Altair/Altamira/home/146413677,NewHomeSource.com,Plan-61414192,N,Y,33.6834823,-117.7091578
New Construction Plan,,Single Family Residential,Soleil Elite,Irvine,CA,92618,2249995,5,5.5,Alara at Altair,5247,,,,429,,Active,,,http://www.redfin.com/CA/Irvine/Alara-at-Altair/Soleil-Elite/home/142960940,NewHomeSource.com,Plan-61414191,N,Y,33.676855,-117.708609
New Construction Plan,,Single Family Residential,Calypso Elite,Irvine,CA,92618,2223995,5,5.5,Alara at Altair,5212,,,,427,,Active,,,http://www.redfin.com/CA/Irvine/Alara-at-Altair/Calypso-Elite/home/142960941,NewHomeSource.com,Plan-61414190,N,Y,33.676855,-117.708609
New Construction Plan,,Single Family Residential,Ariel Elite,Irvine,CA,92618,2109995,4,4.5,Alara at Altair,4881,,,,432,,Active,,,http://www.redfin.com/CA/Irvine/Alara-at-Altair/Ariel-Elite/home/142960942,NewHomeSource.com,Plan-61414189,N,Y,33.676855,-117.708609
New Construction Plan,,Single Family Residential,Calypso,Irvine,CA,92618,2030995,5,5.5,Alara at Altair,4633,,,,438,,Active,,,http://www.redfin.com/CA/Irvine/Alara-at-Altair/Calypso/home/142960944,NewHomeSource.com,Plan-61414187,N,Y,33.676855,-117.708609
New Construction Plan,,Single Family Residential,Soleil,Irvine,CA,92618,2095995,5,5.5,Alara at Altair,4627,,,,453,,Active,,,http://www.redfin.com/CA/Irvine/Alara-at-Altair/Soleil/home/142960943,NewHomeSource.com,Plan-61414188,N,Y,33.676855,-117.708609
New Construction Plan,,Townhouse,Residence 2,Irvine,CA,92618,689000,3,3.5,Sterling at Parasol Park,1654,,,,417,,Active,,,http://www.redfin.com/CA/Irvine/Sterling-at-Parasol-Park/Residence-2/home/113707113,NewHomeSource.com,Plan-61384296,N,Y,33.6839998,-117.7406131
New Construction Plan,,Single Family Residential,Luna,Irvine,CA,92618,1939995,5,5.5,Meridian at Altair,4556,,,,426,,Active,,,http://www.redfin.com/CA/Irvine/Meridian-at-Altair/Luna/home/144425959,NewHomeSource.com,Plan-61414185,N,Y,33.683573,-117.70928
New Construction Plan,,Single Family Residential,Ariel,Irvine,CA,92618,1967995,4,4.5,Alara at Altair,4368,,,,451,,Active,,,http://www.redfin.com/CA/Irvine/Alara-at-Altair/Ariel/home/142960945,NewHomeSource.com,Plan-61414186,N,Y,33.676855,-117.708609
New Construction Plan,,Single Family Residential,Helios,Irvine,CA,92618,1889995,5,5.5,Meridian at Altair,4383,,,,431,,Active,,,http://www.redfin.com/CA/Irvine/Meridian-at-Altair/Helios/home/144425960,NewHomeSource.com,Plan-61414184,N,Y,33.683573,-117.70928
New Construction Plan,,Single Family Residential,Atlas,Irvine,CA,92618,1979995,5,5.5,Meridian at Altair,4356,,,,455,,Active,,,http://www.redfin.com/CA/Irvine/Meridian-at-Altair/Atlas/home/142960948,NewHomeSource.com,Plan-61414183,N,Y,33.683573,-117.70928
New Construction Plan,,Single Family Residential,Solitaire,Irvine,CA,92618,2209995,5,5.5,Solano at Altair,5000,,,,442,,Active,,,http://www.redfin.com/CA/Irvine/Solano-at-Altair/Solitaire/home/147600476,NewHomeSource.com,Plan-61436367,N,Y,33.68053,-117.70512
New Construction Plan,,Single Family Residential,Artemis,Irvine,CA,92618,2179995,5,5.5,Solano at Altair,4700,,,,464,,Active,,,http://www.redfin.com/CA/Irvine/Solano-at-Altair/Artemis/home/147567460,NewHomeSource.com,Plan-61436365,N,Y,33.68053,-117.70512
New Construction Plan,,Single Family Residential,Bianca,Irvine,CA,92618,2199995,5,5.5,Solano at Altair,4800,,,,458,,Active,,,http://www.redfin.com/CA/Irvine/Solano-at-Altair/Bianca/home/147567459,NewHomeSource.com,Plan-61436366,N,Y,33.68053,-117.70512
New Construction Plan,,Single Family Residential,Residence 3,Irvine,CA,92618,1684990,4,4.5,Altair Irvine - Eclipse,3792,,,,444,,Active,,,http://www.redfin.com/CA/Irvine/Altair-Irvine-Eclipse/Residence-3/home/144216767,NewHomeSource.com,Plan-61461632,N,Y,33.6826,-117.716
New Construction Plan,,Multi-Family (2-4 Unit),Residence 1,Irvine,CA,92618,759990,2,2.0,Great Park Neighborhoods - Chorus at Cadence Park,1653,,,,460,,Active,,,http://www.redfin.com/CA/Irvine/Great-Park-Neighborhoods-Chorus-at-Cadence-Park/Residence-1/home/147203553,NewHomeSource.com,Plan-61551433,N,Y,33.638998,-117.720093
New Construction Plan,,Multi-Family (2-4 Unit),Residence 2,Irvine,CA,92618,945990,3,2.5,Great Park Neighborhoods - Chorus at Cadence Park,2868,,,,330,,Active,,,http://www.redfin.com/CA/Irvine/Great-Park-Neighborhoods-Chorus-at-Cadence-Park/Residence-2/home/147203552,NewHomeSource.com,Plan-61551434,N,Y,33.638998,-117.720093
New Construction Plan,,Single Family Residential,Residence 3,Irvine,CA,92618,2099990,4,4.5,Altair Irvine - Lumiere,4824,,,,435,,Active,,,http://www.redfin.com/CA/Irvine/Altair-Irvine-Lumiere/Residence-3/home/147279714,NewHomeSource.com,Plan-61553103,N,Y,33.6826,-117.716
New Construction Plan,,Single Family Residential,Residence 4,Irvine,CA,92618,2039990,5,5.5,Altair Irvine - Lumiere,4605,,,,443,,Active,,,http://www.redfin.com/CA/Irvine/Altair-Irvine-Lumiere/Residence-4/home/147279713,NewHomeSource.com,Plan-61553104,N,Y,33.6826,-117.716
New Construction Plan,,Single Family Residential,Residence 4X,Irvine,CA,92618,2459990,6,6.5,Altair Irvine - Lumiere,6590,,,,373,,Active,,,http://www.redfin.com/CA/Irvine/Altair-Irvine-Lumiere/Residence-4X/home/147279712,NewHomeSource.com,Plan-61553105,N,Y,33.6826,-117.716
New Construction Plan,,Single Family Residential,Residence 3X,Irvine,CA,92618,2429990,5,6.0,Altair Irvine - Lumiere,6613,,,,367,,Active,,,http://www.redfin.com/CA/Irvine/Altair-Irvine-Lumiere/Residence-3X/home/147279711,NewHomeSource.com,Plan-61553106,N,Y,33.6826,-117.716
New Construction Plan,,Single Family Residential,Residence 1,Irvine,CA,92618,1859990,3,3.5,Altair Irvine - Lumiere,3471,,,,536,,Active,,,http://www.redfin.com/CA/Irvine/Altair-Irvine-Lumiere/Residence-1/home/147279710,NewHomeSource.com,Plan-61553107,N,Y,33.6826,-117.716
New Construction Plan,,Single Family Residential,Residence 2,Irvine,CA,92618,2089990,5,6.0,Altair Irvine - Lumiere,4686,,,,446,,Active,,,http://www.redfin.com/CA/Irvine/Altair-Irvine-Lumiere/Residence-2/home/147279709,NewHomeSource.com,Plan-61553108,N,Y,33.6826,-117.716
New Construction Plan,,Single Family Residential,Residence 2X,Irvine,CA,92618,921700,3,2.0,Lyric at Cadence Park,2346,,,,393,,Active,,,http://www.redfin.com/CA/Irvine/Lyric-at-Cadence-Park/Residence-2X/home/147264812,NewHomeSource.com,Plan-61553237,N,Y,33.683059,-117.723445
New Construction Plan,,Single Family Residential,Residence 2,Irvine,CA,92618,857860,3,2.0,Lyric at Cadence Park,1958,,,,438,,Active,,,http://www.redfin.com/CA/Irvine/Lyric-at-Cadence-Park/Residence-2/home/147264811,NewHomeSource.com,Plan-61553238,N,Y,33.683059,-117.723445
New Construction Plan,,Single Family Residential,Residence 1X,Irvine,CA,92618,861500,3,2.0,Lyric at Cadence Park,2055,,,,419,,Active,,,http://www.redfin.com/CA/Irvine/Lyric-at-Cadence-Park/Residence-1X/home/147264810,NewHomeSource.com,Plan-61553239,N,Y,33.683059,-117.723445
New Construction Plan,,Single Family Residential,Residence 1,Irvine,CA,92618,807203,3,2.0,Lyric at Cadence Park,1661,,,,486,,Active,,,http://www.redfin.com/CA/Irvine/Lyric-at-Cadence-Park/Residence-1/home/147264809,NewHomeSource.com,Plan-61553240,N,Y,33.683059,-117.723445
New Construction Plan,,Multi-Family (2-4 Unit),Residence 2,Irvine,CA,92618,924990,3,2.0,Travata - Castillo at Travata,1566,,,,591,,Active,,,http://www.redfin.com/CA/Irvine/Travata-Castillo-at-Travata/Residence-2/home/145102181,NewHomeSource.com,Plan-51494289,N,Y,33.6754549,-117.7490709
New Construction Plan,,Multi-Family (2-4 Unit),Residence 3,Irvine,CA,92618,979990,3,2.0,Travata - Castillo at Travata,1701,,,,576,,Active,,,http://www.redfin.com/CA/Irvine/Travata-Castillo-at-Travata/Residence-3/home/145102180,NewHomeSource.com,Plan-61494290,N,Y,33.6754549,-117.7490709
New Construction Plan,,Single Family Residential,Residence 1,Irvine,CA,92618,1033990,2,2.5,Travata - Palencia at Travata,1848,,,,560,,Active,,,http://www.redfin.com/CA/Irvine/Travata-Palencia-at-Travata/Residence-1/home/145102179,NewHomeSource.com,Plan-61494291,N,Y,33.6749995,-117.7495483
New Construction Plan,,Single Family Residential,Residence 2,Irvine,CA,92618,1199990,3,3.5,Travata - Palencia at Travata,2220,,,,541,,Active,,,http://www.redfin.com/CA/Irvine/Travata-Palencia-at-Travata/Residence-2/home/145102178,NewHomeSource.com,Plan-61494292,N,Y,33.6749995,-117.7495483
New Construction Plan,,Single Family Residential,Residence 3,Irvine,CA,92618,1234990,3,3.5,Travata - Palencia at Travata,2305,,,,536,,Active,,,http://www.redfin.com/CA/Irvine/Travata-Palencia-at-Travata/Residence-3/home/145102177,NewHomeSource.com,Plan-61494293,N,Y,33.6749995,-117.7495483
New Construction Plan,,Single Family Residential,Residence 4,Irvine,CA,92618,1244990,3,3.5,Travata - Palencia at Travata,2425,,,,513,,Active,,,http://www.redfin.com/CA/Irvine/Travata-Palencia-at-Travata/Residence-4/home/145102176,NewHomeSource.com,Plan-61494294,N,Y,33.6749995,-117.7495483
New Construction Plan,,Single Family Residential,Residence 5,Irvine,CA,92618,1304990,3,3.5,Travata - Palencia at Travata,2567,,,,508,,Active,,,http://www.redfin.com/CA/Irvine/Travata-Palencia-at-Travata/Residence-5/home/145102175,NewHomeSource.com,Plan-61494295,N,Y,33.6749995,-117.7495483
New Construction Plan,,Single Family Residential,Lacy,Irvine,CA,92620,1086000,4,4.0,Juniper at Portola Springs,2345,,,,463,,Active,,,http://www.redfin.com/CA/Irvine/Juniper-at-Portola-Springs/Lacy/home/144871210,NewHomeSource.com,Plan-61421229,N,Y,33.691521,-117.709537
New Construction Plan,,Single Family Residential,Lucille,Irvine,CA,92620,1119000,4,4.0,Juniper at Portola Springs,2400,,,,466,,Active,,,http://www.redfin.com/CA/Irvine/Juniper-at-Portola-Springs/Lucille/home/144841455,NewHomeSource.com,Plan-61421228,N,Y,33.691521,-117.709537
New Construction Plan,,Single Family Residential,Laclaire,Irvine,CA,92620,960000,4,3.0,Juniper at Portola Springs,1990,,,,482,,Active,,,http://www.redfin.com/CA/Irvine/Juniper-at-Portola-Springs/Laclaire/home/144826359,NewHomeSource.com,Plan-61421227,N,Y,33.691521,-117.709537
New Construction Plan,,Single Family Residential,Residence 3,Irvine,CA,92618,1579990,4,4.5,Altair Irvine - Solstice,3327,,,,475,,Active,,,http://www.redfin.com/CA/Irvine/Altair-Irvine-Solstice/Residence-3/home/144240758,NewHomeSource.com,Plan-61405402,N,Y,33.6826,-117.716
New Construction Plan,,Single Family Residential,Residence 1,Irvine,CA,92618,1374990,3,3.5,Altair Irvine - Solstice,2533,,,,543,,Active,,,http://www.redfin.com/CA/Irvine/Altair-Irvine-Solstice/Residence-1/home/144216766,NewHomeSource.com,Plan-61405400,N,Y,33.6826,-117.716
New Construction Plan,,Single Family Residential,Residence 2,Irvine,CA,92618,1464990,4,4.5,Altair Irvine - Solstice,3000,,,,488,,Active,,,http://www.redfin.com/CA/Irvine/Altair-Irvine-Solstice/Residence-2/home/144216765,NewHomeSource.com,Plan-61405401,N,Y,33.6826,-117.716
New Construction Plan,,Single Family Residential,Eden,Irvine,CA,92618,869990,3,2.5,Cabaletta at Cadence Park,2330,,,,373,,Active,,,http://www.redfin.com/CA/Irvine/Cabaletta-at-Cadence-Park/Eden/home/148305568,NewHomeSource.com,Plan-61487999,N,Y,33.682448,-117.721918
New Construction Plan,,Single Family Residential,Plan 2X,Irvine,CA,92618,1090880,4,4.5,Duet at Cadence Park,2900,,,,376,,Active,,,http://www.redfin.com/CA/Irvine/Duet-at-Cadence-Park/Plan-2X/home/145255597,NewHomeSource.com,Plan-61537277,N,Y,33.68064,-117.723442
New Construction Plan,,Single Family Residential,Residence Three,Irvine,CA,92618,1296990,4,4.5,Elderberry at Portola Springs,2882,,,,450,,Active,,,http://www.redfin.com/CA/Irvine/Elderberry-at-Portola-Springs/Residence-Three/home/145272161,NewHomeSource.com,Plan-61421845,N,Y,33.691757,-117.7079165
New Construction Plan,,Single Family Residential,Residence 2,Irvine,CA,92618,1699990,4,4.5,Altair Irvine - Celestial,3647,,,,466,,Active,,,http://www.redfin.com/CA/Irvine/Altair-Irvine-Celestial/Residence-2/home/144216768,NewHomeSource.com,Plan-61405395,N,Y,33.6826,-117.716
New Construction Plan,,Single Family Residential,Plan 1X,Irvine,CA,92618,1069880,3,2.5,Duet at Cadence Park,2820,,,,379,,Active,,,http://www.redfin.com/CA/Irvine/Duet-at-Cadence-Park/Plan-1X/home/145255598,NewHomeSource.com,Plan-61537276,N,Y,33.68064,-117.723442
New Construction Plan,,Single Family Residential,Residence One,Irvine,CA,92618,1295150,4,4.5,Elderberry at Portola Springs,2892,,,,448,,Active,,,http://www.redfin.com/CA/Irvine/Elderberry-at-Portola-Springs/Residence-One/home/145283805,NewHomeSource.com,Plan-61421843,N,Y,33.691757,-117.7079165
New Construction Plan,,Single Family Residential,Residence Two,Irvine,CA,92618,1259990,4,4.0,Elderberry at Portola Springs,2799,,,,450,,Active,,,http://www.redfin.com/CA/Irvine/Elderberry-at-Portola-Springs/Residence-Two/home/145272162,NewHomeSource.com,Plan-61421844,N,Y,33.691757,-117.7079165
New Construction Plan,,Single Family Residential,Residence 4,Irvine,CA,92618,1869990,4,5.0,Altair Irvine - Starlight,4357,,,,429,,Active,,,http://www.redfin.com/CA/Irvine/Altair-Irvine-Starlight/Residence-4/home/144216770,NewHomeSource.com,Plan-61405390,N,Y,33.6826,-117.716
New Construction Plan,,Single Family Residential,Residence 1,Irvine,CA,92618,1609990,4,4.0,Altair Irvine - Eclipse,3206,,,,502,,Active,,,http://www.redfin.com/CA/Irvine/Altair-Irvine-Eclipse/Residence-1/home/144216769,NewHomeSource.com,Plan-61405391,N,Y,33.6826,-117.716
New Construction Plan,,Single Family Residential,Residence 3,Irvine,CA,92618,1864990,4,5.0,Altair Irvine - Starlight,4066,,,,459,,Active,,,http://www.redfin.com/CA/Irvine/Altair-Irvine-Starlight/Residence-3/home/144216773,NewHomeSource.com,Plan-51405389,N,Y,33.6826,-117.716
New Construction Plan,,Multi-Family (2-4 Unit),Residence 3,Irvine,CA,92618,859990,2,2.0,Travata - Aldea at Travata,1910,,,,450,,Active,,,http://www.redfin.com/CA/Irvine/Travata-Aldea-at-Travata/Residence-3/home/146746616,NewHomeSource.com,Plan-51541399,N,Y,33.68091,-117.7718375
New Construction Plan,,Single Family Residential,Residence 2,Irvine,CA,92618,1056008,4,3.0,Legado at Portola Springs,2185,,,,483,,Active,,,http://www.redfin.com/CA/Irvine/Legado-at-Portola-Springs/Residence-2/home/103993796,NewHomeFeed,Plan-272509,N,Y,33.6891298,-117.7129711
New Construction Plan,,Single Family Residential,Residence 3,Irvine,CA,92618,1046000,4,3.5,Legado at Portola Springs,2258,,,,463,,Active,,,http://www.redfin.com/CA/Irvine/Legado-at-Portola-Springs/Residence-3/home/103993795,NewHomeFeed,Plan-272510,N,Y,33.6891298,-117.7129711
